INSTRUMENT,VEGETATION,LOCATION,REPLICATE,SC_HEIGHT,FILENAME,NOTES,definition,NDVI
Unispec-SC,Tussock,T1,1,1,area match100002.spu,NA,Greenseeker,0.7249939234273437
Unispec-SC,Tussock,T1,1,1,area match100002.spu,NA,MODIS,0.7326780312669904
Unispec-SC,Tussock,T1,1,1,area match100002.spu,NA,RapidSCAN,0.7412536155925632
Unispec-SC,Tussock,T1,1,1,area match100002.spu,NA,ToolikEDC,0.7108088982098327
Unispec-SC,Tussock,T1,2,1,area match100003.spu,NA,Greenseeker,0.7235214895592254
Unispec-SC,Tussock,T1,2,1,area match100003.spu,NA,MODIS,0.7317510746759157
Unispec-SC,Tussock,T1,2,1,area match100003.spu,NA,RapidSCAN,0.7403428343107694
Unispec-SC,Tussock,T1,2,1,area match100003.spu,NA,ToolikEDC,0.7098908094935878
Unispec-SC,Tussock,T1,3,1,area match100004.spu,NA,Greenseeker,0.7258357439447272
Unispec-SC,Tussock,T1,3,1,area match100004.spu,NA,MODIS,0.7338266570794502
Unispec-SC,Tussock,T1,3,1,area match100004.spu,NA,RapidSCAN,0.7424310083057961
Unispec-SC,Tussock,T1,3,1,area match100004.spu,NA,ToolikEDC,0.71187724210091885
Unispec-SC,Tussock,T1,4,1,area match100005.spu,NA,Greenseeker,0.7252983699133321
Unispec-SC,Tussock,T1,4,1,area match100005.spu,NA,MODIS,0.7329997260745934
Unispec-SC,Tussock,T1,4,1,area match100005.spu,NA,RapidSCAN,0.7416122370695769
Unispec-SC,Tussock,T1,4,1,area match100005.spu,NA,ToolikEDC,0.7110589593324018
Unispec-SC,Tussock,T1,5,1,area match100006.spu,NA,Greenseeker,0.72408077903405
Unispec-SC,Tussock,T1,5,1,area match100006.spu,NA,MODIS,0.7324055403562123
Unispec-SC,Tussock,T1,5,1,area match100006.spu,NA,RapidSCAN,0.7410338662179218
Unispec-SC,Tussock,T1,5,1,area match100006.spu,NA,ToolikEDC,0.7105691845998021
Unispec-SC,Tussock,T1,6,1,area match100007.spu,NA,Greenseeker,0.7232769939353522
Unispec-SC,Tussock,T1,6,1,area match100007.spu,NA,MODIS,0.7312305598224574
Unispec-SC,Tussock,T1,6,1,area match100007.spu,NA,RapidSCAN,0.7393951131676474
Unispec-SC,Tussock,T1,6,1,area match100007.spu,NA,ToolikEDC,0.7093873958526586
Unispec-SC,Tussock,T1,7,1,area match100008.spu,NA,Greenseeker,0.724338980925662
Unispec-SC,Tussock,T1,7,1,area match100008.spu,NA,MODIS,0.7325488325590931
Unispec-SC,Tussock,T1,7,1,area match100008.spu,NA,RapidSCAN,0.740910702793575
Unispec-SC,Tussock,T1,7,1,area match100008.spu,NA,ToolikEDC,0.7107549993499565
Unispec-SC,Tussock,T1,8,1,area match100009.spu,NA,Greenseeker,0.7250204734133431
Unispec-SC,Tussock,T1,8,1,area match100009.spu,NA,MODIS,0.7333079256977586
Unispec-SC,Tussock,T1,8,1,area match100009.spu,NA,RapidSCAN,0.7416421770461441
Unispec-SC,Tussock,T1,8,1,area match100009.spu,NA,ToolikEDC,0.7116068199861515
Unispec-SC,Tussock,T1,9,1,area match100010.spu,NA,Greenseeker,0.724605983136576
Unispec-SC,Tussock,T1,9,1,area match100010.spu,NA,MODIS,0.7329811029455404
Unispec-SC,Tussock,T1,9,1,area match100010.spu,NA,RapidSCAN,0.7413291257609324
Unispec-SC,Tussock,T1,9,1,area match100010.spu,NA,ToolikEDC,0.711290874471525
Unispec-SC,Tussock,T2,1,1,area match300001.spu,NA,Greenseeker,0.6400950359196412
Unispec-SC,Tussock,T2,1,1,area match300001.spu,NA,MODIS,0.6614289116493146
Unispec-SC,Tussock,T2,1,1,area match300001.spu,NA,RapidSCAN,0.6556019989120416
Unispec-SC,Tussock,T2,1,1,area match300001.spu,NA,ToolikEDC,0.647009029665532
Unispec-SC,Tussock,T2,2,1,area match300002.spu,NA,Greenseeker,0.6424114328905562
Unispec-SC,Tussock,T2,2,1,area match300002.spu,NA,MODIS,0.6635112554180294
Unispec-SC,Tussock,T2,2,1,area match300002.spu,NA,RapidSCAN,0.658594546613895
Unispec-SC,Tussock,T2,2,1,area match300002.spu,NA,ToolikEDC,0.6488686415301265
Unispec-SC,Tussock,T2,3,1,area match300003.spu,NA,Greenseeker,0.6444756473118761
Unispec-SC,Tussock,T2,3,1,area match300003.spu,NA,MODIS,0.6647533093668594
Unispec-SC,Tussock,T2,3,1,area match300003.spu,NA,RapidSCAN,0.6596783151658635
Unispec-SC,Tussock,T2,3,1,area match300003.spu,NA,ToolikEDC,0.6500095256276214
Unispec-SC,Tussock,T2,4,1,area match300004.spu,NA,Greenseeker,0.6439412824096507
Unispec-SC,Tussock,T2,4,1,area match300004.spu,NA,MODIS,0.6645531724024888
Unispec-SC,Tussock,T2,4,1,area match300004.spu,NA,RapidSCAN,0.6589452877126186
Unispec-SC,Tussock,T2,4,1,area match300004.spu,NA,ToolikEDC,0.6498037290220265
Unispec-SC,Tussock,T2,5,1,area match300005.spu,NA,Greenseeker,0.6444852190500697
Unispec-SC,Tussock,T2,5,1,area match300005.spu,NA,MODIS,0.6649554074571117
Unispec-SC,Tussock,T2,5,1,area match300005.spu,NA,RapidSCAN,0.6595775706385795
Unispec-SC,Tussock,T2,5,1,area match300005.spu,NA,ToolikEDC,0.650051056930288
Unispec-SC,Tussock,T2,6,1,area match300006.spu,NA,Greenseeker,0.645531908947361
Unispec-SC,Tussock,T2,6,1,area match300006.spu,NA,MODIS,0.6659126932785787
Unispec-SC,Tussock,T2,6,1,area match300006.spu,NA,RapidSCAN,0.6609131481113126
Unispec-SC,Tussock,T2,6,1,area match300006.spu,NA,ToolikEDC,0.6511383442163601
Unispec-SC,Tussock,T2,7,1,area match300007.spu,NA,Greenseeker,0.6456192339949678
Unispec-SC,Tussock,T2,7,1,area match300007.spu,NA,MODIS,0.6660312608944069
Unispec-SC,Tussock,T2,7,1,area match300007.spu,NA,RapidSCAN,0.6604556025666172
Unispec-SC,Tussock,T2,7,1,area match300007.spu,NA,ToolikEDC,0.651103218577105
Unispec-SC,Tussock,T2,8,1,area match300008.spu,NA,Greenseeker,0.6460529397985476
Unispec-SC,Tussock,T2,8,1,area match300008.spu,NA,MODIS,0.6665957808687532
Unispec-SC,Tussock,T2,8,1,area match300008.spu,NA,RapidSCAN,0.6613494600818262
Unispec-SC,Tussock,T2,8,1,area match300008.spu,NA,ToolikEDC,0.6517278555002931
Unispec-SC,Tussock,T2,9,1,area match300009.spu,NA,Greenseeker,0.6465396524310302
Unispec-SC,Tussock,T2,9,1,area match300009.spu,NA,MODIS,0.6671403146210966
Unispec-SC,Tussock,T2,9,1,area match300009.spu,NA,RapidSCAN,0.6620466071233766
Unispec-SC,Tussock,T2,9,1,area match300009.spu,NA,ToolikEDC,0.6521081458028948
Unispec-SC,Tussock,T2,10,1,area match300010.spu,NA,Greenseeker,0.6455446317538742
Unispec-SC,Tussock,T2,10,1,area match300010.spu,NA,MODIS,0.6663263282339861
Unispec-SC,Tussock,T2,10,1,area match300010.spu,NA,RapidSCAN,0.6614021108548264
Unispec-SC,Tussock,T2,10,1,area match300010.spu,NA,ToolikEDC,0.6513128358525365
Unispec-SC,Tussock,T3,1,1,area match500001.spu,NA,Greenseeker,0.61159423832601
Unispec-SC,Tussock,T3,1,1,area match500001.spu,NA,MODIS,0.6312837370644296
Unispec-SC,Tussock,T3,1,1,area match500001.spu,NA,RapidSCAN,0.6254958357455072
Unispec-SC,Tussock,T3,1,1,area match500001.spu,NA,ToolikEDC,0.6124819214078945
Unispec-SC,Tussock,T3,2,1,area match500002.spu,NA,Greenseeker,0.6114245847664044
Unispec-SC,Tussock,T3,2,1,area match500002.spu,NA,MODIS,0.6311412148646212
Unispec-SC,Tussock,T3,2,1,area match500002.spu,NA,RapidSCAN,0.6250663150308959
Unispec-SC,Tussock,T3,2,1,area match500002.spu,NA,ToolikEDC,0.6124776090979704
Unispec-SC,Tussock,T3,3,1,area match500003.spu,NA,Greenseeker,0.6112689827970789
Unispec-SC,Tussock,T3,3,1,area match500003.spu,NA,MODIS,0.6313228419584885
Unispec-SC,Tussock,T3,3,1,area match500003.spu,NA,RapidSCAN,0.6251202048228931
Unispec-SC,Tussock,T3,3,1,area match500003.spu,NA,ToolikEDC,0.6129721598956686
Unispec-SC,Tussock,T3,4,1,area match500004.spu,NA,Greenseeker,0.6108833441169165
Unispec-SC,Tussock,T3,4,1,area match500004.spu,NA,MODIS,0.6298937276141691
Unispec-SC,Tussock,T3,4,1,area match500004.spu,NA,RapidSCAN,0.6253113947408888
Unispec-SC,Tussock,T3,4,1,area match500004.spu,NA,ToolikEDC,0.6113103229267698
Unispec-SC,Tussock,T3,5,1,area match500005.spu,NA,Greenseeker,0.6116900286083284
Unispec-SC,Tussock,T3,5,1,area match500005.spu,NA,MODIS,0.6309900303520158
Unispec-SC,Tussock,T3,5,1,area match500005.spu,NA,RapidSCAN,0.6256021349394345
Unispec-SC,Tussock,T3,5,1,area match500005.spu,NA,ToolikEDC,0.6124155790248498
Unispec-SC,Tussock,T3,6,1,area match500006.spu,NA,Greenseeker,0.6110963021517929
Unispec-SC,Tussock,T3,6,1,area match500006.spu,NA,MODIS,0.6308863943043418
Unispec-SC,Tussock,T3,6,1,area match500006.spu,NA,RapidSCAN,0.6247210669285901
Unispec-SC,Tussock,T3,6,1,area match500006.spu,NA,ToolikEDC,0.6123305635026232
Unispec-SC,Tussock,T3,7,1,area match500007.spu,NA,Greenseeker,0.6120846695817478
Unispec-SC,Tussock,T3,7,1,area match500007.spu,NA,MODIS,0.6318599062375575
Unispec-SC,Tussock,T3,7,1,area match500007.spu,NA,RapidSCAN,0.6264750683624218
Unispec-SC,Tussock,T3,7,1,area match500007.spu,NA,ToolikEDC,0.6134901186837673
Unispec-SC,Tussock,T3,8,1,area match500008.spu,NA,Greenseeker,0.6149510173323287
Unispec-SC,Tussock,T3,8,1,area match500008.spu,NA,MODIS,0.6351394553752763
Unispec-SC,Tussock,T3,8,1,area match500008.spu,NA,RapidSCAN,0.6288402504169587
Unispec-SC,Tussock,T3,8,1,area match500008.spu,NA,ToolikEDC,0.6170021608547551
Unispec-SC,Tussock,T3,9,1,area match500009.spu,NA,Greenseeker,0.614723534323463
Unispec-SC,Tussock,T3,9,1,area match500009.spu,NA,MODIS,0.6350125330000327
Unispec-SC,Tussock,T3,9,1,area match500009.spu,NA,RapidSCAN,0.6291514030442614
Unispec-SC,Tussock,T3,9,1,area match500009.spu,NA,ToolikEDC,0.6168242459414339
Unispec-SC,Tussock,T3,10,1,area match500010.spu,NA,Greenseeker,0.6152731869441227
Unispec-SC,Tussock,T3,10,1,area match500010.spu,NA,MODIS,0.6348726277798453
Unispec-SC,Tussock,T3,10,1,area match500010.spu,NA,RapidSCAN,0.6295072224715285
Unispec-SC,Tussock,T3,10,1,area match500010.spu,NA,ToolikEDC,0.6165057912166305
Unispec-SC,Shrub,S1,1,1,area match700001.spu,NA,Greenseeker,0.8037854665965655
Unispec-SC,Shrub,S1,1,1,area match700001.spu,NA,MODIS,0.7907058255504253
Unispec-SC,Shrub,S1,1,1,area match700001.spu,NA,RapidSCAN,0.8293370691668015
Unispec-SC,Shrub,S1,1,1,area match700001.spu,NA,ToolikEDC,0.7532184152298261
Unispec-SC,Shrub,S1,2,1,area match700002.spu,NA,Greenseeker,0.8029620014160964
Unispec-SC,Shrub,S1,2,1,area match700002.spu,NA,MODIS,0.7900679875950831
Unispec-SC,Shrub,S1,2,1,area match700002.spu,NA,RapidSCAN,0.8286331202038388
Unispec-SC,Shrub,S1,2,1,area match700002.spu,NA,ToolikEDC,0.752905237143757
Unispec-SC,Shrub,S1,3,1,area match700003.spu,NA,Greenseeker,0.8060144727652607
Unispec-SC,Shrub,S1,3,1,area match700003.spu,NA,MODIS,0.7933807268705603
Unispec-SC,Shrub,S1,3,1,area match700003.spu,NA,RapidSCAN,0.832133593508317
Unispec-SC,Shrub,S1,3,1,area match700003.spu,NA,ToolikEDC,0.7558681638452841
Unispec-SC,Shrub,S1,4,1,area match700004.spu,NA,Greenseeker,0.8068362199724858
Unispec-SC,Shrub,S1,4,1,area match700004.spu,NA,MODIS,0.7940474672037661
Unispec-SC,Shrub,S1,4,1,area match700004.spu,NA,RapidSCAN,0.8322540655070375
Unispec-SC,Shrub,S1,4,1,area match700004.spu,NA,ToolikEDC,0.7568302347020757
Unispec-SC,Shrub,S1,5,1,area match700005.spu,NA,Greenseeker,0.8080647347607512
Unispec-SC,Shrub,S1,5,1,area match700005.spu,NA,MODIS,0.7951436156214825
Unispec-SC,Shrub,S1,5,1,area match700005.spu,NA,RapidSCAN,0.8334368431110264
Unispec-SC,Shrub,S1,5,1,area match700005.spu,NA,ToolikEDC,0.7578764795013396
Unispec-SC,Shrub,S1,6,1,area match700006.spu,NA,Greenseeker,0.8066421922350017
Unispec-SC,Shrub,S1,6,1,area match700006.spu,NA,MODIS,0.794377305587941
Unispec-SC,Shrub,S1,6,1,area match700006.spu,NA,RapidSCAN,0.8322715597642447
Unispec-SC,Shrub,S1,6,1,area match700006.spu,NA,ToolikEDC,0.7572922604943444
Unispec-SC,Shrub,S1,7,1,area match700007.spu,NA,Greenseeker,0.8082825607064018
Unispec-SC,Shrub,S1,7,1,area match700007.spu,NA,MODIS,0.7956468049596903
Unispec-SC,Shrub,S1,7,1,area match700007.spu,NA,RapidSCAN,0.8340303422602179
Unispec-SC,Shrub,S1,7,1,area match700007.spu,NA,ToolikEDC,0.7585428287212531
Unispec-SC,Shrub,S1,8,1,area match700008.spu,NA,Greenseeker,0.8072985468956407
Unispec-SC,Shrub,S1,8,1,area match700008.spu,NA,MODIS,0.7946609639303093
Unispec-SC,Shrub,S1,8,1,area match700008.spu,NA,RapidSCAN,0.833208253476572
Unispec-SC,Shrub,S1,8,1,area match700008.spu,NA,ToolikEDC,0.7573240892534929
Unispec-SC,Shrub,S1,9,1,area match700009.spu,NA,Greenseeker,0.8073936206241553
Unispec-SC,Shrub,S1,9,1,area match700009.spu,NA,MODIS,0.7943789681624538
Unispec-SC,Shrub,S1,9,1,area match700009.spu,NA,RapidSCAN,0.8331513535122106
Unispec-SC,Shrub,S1,9,1,area match700009.spu,NA,ToolikEDC,0.7572089747315631
Unispec-SC,Shrub,S1,10,1,area match700010.spu,NA,Greenseeker,0.8095353069000241
Unispec-SC,Shrub,S1,10,1,area match700010.spu,NA,MODIS,0.7965346143875844
Unispec-SC,Shrub,S1,10,1,area match700010.spu,NA,RapidSCAN,0.8347150815330844
Unispec-SC,Shrub,S1,10,1,area match700010.spu,NA,ToolikEDC,0.7593819026367551
Unispec-SC,Shrub,S2,1,1,area match900001.spu,NA,Greenseeker,0.8048904695803591
Unispec-SC,Shrub,S2,1,1,area match900001.spu,NA,MODIS,0.8017345518019057
Unispec-SC,Shrub,S2,1,1,area match900001.spu,NA,RapidSCAN,0.8249110673845669
Unispec-SC,Shrub,S2,1,1,area match900001.spu,NA,ToolikEDC,0.7701802853357743
Unispec-SC,Shrub,S2,2,1,area match900002.spu,NA,Greenseeker,0.8044054705293388
Unispec-SC,Shrub,S2,2,1,area match900002.spu,NA,MODIS,0.8017471316114297
Unispec-SC,Shrub,S2,2,1,area match900002.spu,NA,RapidSCAN,0.8250628123284101
Unispec-SC,Shrub,S2,2,1,area match900002.spu,NA,ToolikEDC,0.7700617021845222
Unispec-SC,Shrub,S2,3,1,area match900003.spu,NA,Greenseeker,0.8046844854810505
Unispec-SC,Shrub,S2,3,1,area match900003.spu,NA,MODIS,0.8017681539995454
Unispec-SC,Shrub,S2,3,1,area match900003.spu,NA,RapidSCAN,0.8249260453000131
Unispec-SC,Shrub,S2,3,1,area match900003.spu,NA,ToolikEDC,0.7701646914640684
Unispec-SC,Shrub,S2,4,1,area match900004.spu,NA,Greenseeker,0.804309722089711
Unispec-SC,Shrub,S2,4,1,area match900004.spu,NA,MODIS,0.8015850268394354
Unispec-SC,Shrub,S2,4,1,area match900004.spu,NA,RapidSCAN,0.8242832570382869
Unispec-SC,Shrub,S2,4,1,area match900004.spu,NA,ToolikEDC,0.7700803594395275
Unispec-SC,Shrub,S2,5,1,area match900005.spu,NA,Greenseeker,0.8040203196197703
Unispec-SC,Shrub,S2,5,1,area match900005.spu,NA,MODIS,0.8010944812848929
Unispec-SC,Shrub,S2,5,1,area match900005.spu,NA,RapidSCAN,0.8249120879120879
Unispec-SC,Shrub,S2,5,1,area match900005.spu,NA,ToolikEDC,0.7697324047581782
Unispec-SC,Shrub,S2,6,1,area match900006.spu,NA,Greenseeker,0.8034038500782259
Unispec-SC,Shrub,S2,6,1,area match900006.spu,NA,MODIS,0.8006630990952863
Unispec-SC,Shrub,S2,6,1,area match900006.spu,NA,RapidSCAN,0.8231057916624404
Unispec-SC,Shrub,S2,6,1,area match900006.spu,NA,ToolikEDC,0.7692786757533298
Unispec-SC,Shrub,S2,7,1,area match900007.spu,NA,Greenseeker,0.8029847346254707
Unispec-SC,Shrub,S2,7,1,area match900007.spu,NA,MODIS,0.8004972351891971
Unispec-SC,Shrub,S2,7,1,area match900007.spu,NA,RapidSCAN,0.8231613947587174
Unispec-SC,Shrub,S2,7,1,area match900007.spu,NA,ToolikEDC,0.7692047047273728
Unispec-SC,Shrub,S2,8,1,area match900008.spu,NA,Greenseeker,0.8038734691998818
Unispec-SC,Shrub,S2,8,1,area match900008.spu,NA,MODIS,0.8009803105308406
Unispec-SC,Shrub,S2,8,1,area match900008.spu,NA,RapidSCAN,0.8237164181140931
Unispec-SC,Shrub,S2,8,1,area match900008.spu,NA,ToolikEDC,0.7695649824459426
Unispec-SC,Shrub,S2,9,1,area match900009.spu,NA,Greenseeker,0.8025443430342689
Unispec-SC,Shrub,S2,9,1,area match900009.spu,NA,MODIS,0.8000501729584121
Unispec-SC,Shrub,S2,9,1,area match900009.spu,NA,RapidSCAN,0.8227156276686594
Unispec-SC,Shrub,S2,9,1,area match900009.spu,NA,ToolikEDC,0.769072410281574
Unispec-SC,Shrub,S2,10,1,area match900010.spu,NA,Greenseeker,0.8022904294689733
Unispec-SC,Shrub,S2,10,1,area match900010.spu,NA,MODIS,0.8002580360605522
Unispec-SC,Shrub,S2,10,1,area match900010.spu,NA,RapidSCAN,0.8229084205389579
Unispec-SC,Shrub,S2,10,1,area match900010.spu,NA,ToolikEDC,0.7690523338184655
Unispec-SC,Shrub,S3,1,1,area match1200001.spu,NA,Greenseeker,0.6940700684753136
Unispec-SC,Shrub,S3,1,1,area match1200001.spu,NA,MODIS,0.7023217377769746
Unispec-SC,Shrub,S3,1,1,area match1200001.spu,NA,RapidSCAN,0.7105436421253423
Unispec-SC,Shrub,S3,1,1,area match1200001.spu,NA,ToolikEDC,0.6795099354237322
Unispec-SC,Shrub,S3,2,1,area match1200002.spu,NA,Greenseeker,0.6947415520971884
Unispec-SC,Shrub,S3,2,1,area match1200002.spu,NA,MODIS,0.7031355896371038
Unispec-SC,Shrub,S3,2,1,area match1200002.spu,NA,RapidSCAN,0.7116935173526342
Unispec-SC,Shrub,S3,2,1,area match1200002.spu,NA,ToolikEDC,0.6802290782177703
Unispec-SC,Shrub,S3,3,1,area match1200003.spu,NA,Greenseeker,0.6947520580164642
Unispec-SC,Shrub,S3,3,1,area match1200003.spu,NA,MODIS,0.7028710840800277
Unispec-SC,Shrub,S3,3,1,area match1200003.spu,NA,RapidSCAN,0.7114252133727978
Unispec-SC,Shrub,S3,3,1,area match1200003.spu,NA,ToolikEDC,0.680050036758474
Unispec-SC,Shrub,S3,4,1,area match1200004.spu,NA,Greenseeker,0.6928576884882744
Unispec-SC,Shrub,S3,4,1,area match1200004.spu,NA,MODIS,0.7017106026775902
Unispec-SC,Shrub,S3,4,1,area match1200004.spu,NA,RapidSCAN,0.7090357766544823
Unispec-SC,Shrub,S3,4,1,area match1200004.spu,NA,ToolikEDC,0.6790819859321813
Unispec-SC,Shrub,S3,5,1,area match1200005.spu,NA,Greenseeker,0.6946496379775583
Unispec-SC,Shrub,S3,5,1,area match1200005.spu,NA,MODIS,0.7031757838441653
Unispec-SC,Shrub,S3,5,1,area match1200005.spu,NA,RapidSCAN,0.710669011279877
Unispec-SC,Shrub,S3,5,1,area match1200005.spu,NA,ToolikEDC,0.6805401784482449
Unispec-SC,Shrub,S3,6,1,area match1200006.spu,NA,Greenseeker,0.6936946297546978
Unispec-SC,Shrub,S3,6,1,area match1200006.spu,NA,MODIS,0.7022843984864847
Unispec-SC,Shrub,S3,6,1,area match1200006.spu,NA,RapidSCAN,0.7096897951917794
Unispec-SC,Shrub,S3,6,1,area match1200006.spu,NA,ToolikEDC,0.6797162655858894
Unispec-SC,Shrub,S3,7,1,area match1200007.spu,NA,Greenseeker,0.6959627490289055
Unispec-SC,Shrub,S3,7,1,area match1200007.spu,NA,MODIS,0.7049772871459659
Unispec-SC,Shrub,S3,7,1,area match1200007.spu,NA,RapidSCAN,0.7125029909259906
Unispec-SC,Shrub,S3,7,1,area match1200007.spu,NA,ToolikEDC,0.6823910529710128
Unispec-SC,Shrub,S3,8,1,area match1200008.spu,NA,Greenseeker,0.6949433966871268
Unispec-SC,Shrub,S3,8,1,area match1200008.spu,NA,MODIS,0.703878829180046
Unispec-SC,Shrub,S3,8,1,area match1200008.spu,NA,RapidSCAN,0.7119341059003554
Unispec-SC,Shrub,S3,8,1,area match1200008.spu,NA,ToolikEDC,0.6812122085499487
Unispec-SC,Shrub,S3,9,1,area match1200009.spu,NA,Greenseeker,0.6954410937461785
Unispec-SC,Shrub,S3,9,1,area match1200009.spu,NA,MODIS,0.7042556325434091
Unispec-SC,Shrub,S3,9,1,area match1200009.spu,NA,RapidSCAN,0.7118721587333744
Unispec-SC,Shrub,S3,9,1,area match1200009.spu,NA,ToolikEDC,0.6815483106489298
Unispec-SC,Shrub,S3,10,1,area match1200010.spu,NA,Greenseeker,0.6945975676831877
Unispec-SC,Shrub,S3,10,1,area match1200010.spu,NA,MODIS,0.7036384096211111
Unispec-SC,Shrub,S3,10,1,area match1200010.spu,NA,RapidSCAN,0.7115080692429734
Unispec-SC,Shrub,S3,10,1,area match1200010.spu,NA,ToolikEDC,0.6810253845996315
Unispec-SC,Heath,H1,1,1,area match1400001.spu,NA,Greenseeker,0.5925505517939806
Unispec-SC,Heath,H1,1,1,area match1400001.spu,NA,MODIS,0.6063673264431845
Unispec-SC,Heath,H1,1,1,area match1400001.spu,NA,RapidSCAN,0.614064751420082
Unispec-SC,Heath,H1,1,1,area match1400001.spu,NA,ToolikEDC,0.5977464549573056
Unispec-SC,Heath,H1,2,1,area match1400002.spu,NA,Greenseeker,0.5925096020917693
Unispec-SC,Heath,H1,2,1,area match1400002.spu,NA,MODIS,0.6063369273344938
Unispec-SC,Heath,H1,2,1,area match1400002.spu,NA,RapidSCAN,0.6146547913105039
Unispec-SC,Heath,H1,2,1,area match1400002.spu,NA,ToolikEDC,0.5978136641966374
Unispec-SC,Heath,H1,3,1,area match1400003.spu,NA,Greenseeker,0.592259071113104
Unispec-SC,Heath,H1,3,1,area match1400003.spu,NA,MODIS,0.60658858175388
Unispec-SC,Heath,H1,3,1,area match1400003.spu,NA,RapidSCAN,0.6147664894737495
Unispec-SC,Heath,H1,3,1,area match1400003.spu,NA,ToolikEDC,0.5979441284924575
Unispec-SC,Heath,H1,4,1,area match1400004.spu,NA,Greenseeker,0.5929161328592002
Unispec-SC,Heath,H1,4,1,area match1400004.spu,NA,MODIS,0.6068678742488023
Unispec-SC,Heath,H1,4,1,area match1400004.spu,NA,RapidSCAN,0.6146460175626367
Unispec-SC,Heath,H1,4,1,area match1400004.spu,NA,ToolikEDC,0.598171842819224
Unispec-SC,Heath,H1,5,1,area match1400005.spu,NA,Greenseeker,0.5932266524995498
Unispec-SC,Heath,H1,5,1,area match1400005.spu,NA,MODIS,0.6068447258818943
Unispec-SC,Heath,H1,5,1,area match1400005.spu,NA,RapidSCAN,0.6151540634366173
Unispec-SC,Heath,H1,5,1,area match1400005.spu,NA,ToolikEDC,0.5982288925674393
Unispec-SC,Heath,H1,6,1,area match1400006.spu,NA,Greenseeker,0.5930163770616921
Unispec-SC,Heath,H1,6,1,area match1400006.spu,NA,MODIS,0.6066609079655669
Unispec-SC,Heath,H1,6,1,area match1400006.spu,NA,RapidSCAN,0.6148249836902917
Unispec-SC,Heath,H1,6,1,area match1400006.spu,NA,ToolikEDC,0.5982233820681955
Unispec-SC,Heath,H1,7,1,area match1400007.spu,NA,Greenseeker,0.5927736020762413
Unispec-SC,Heath,H1,7,1,area match1400007.spu,NA,MODIS,0.6067073031645964
Unispec-SC,Heath,H1,7,1,area match1400007.spu,NA,RapidSCAN,0.6152454692471575
Unispec-SC,Heath,H1,7,1,area match1400007.spu,NA,ToolikEDC,0.5982435195290654
Unispec-SC,Heath,H1,8,1,area match1400008.spu,NA,Greenseeker,0.5932294679115827
Unispec-SC,Heath,H1,8,1,area match1400008.spu,NA,MODIS,0.6070037547420052
Unispec-SC,Heath,H1,8,1,area match1400008.spu,NA,RapidSCAN,0.6147681669444959
Unispec-SC,Heath,H1,8,1,area match1400008.spu,NA,ToolikEDC,0.5983800273941448
Unispec-SC,Heath,H1,9,1,area match1400009.spu,NA,Greenseeker,0.5930360287935785
Unispec-SC,Heath,H1,9,1,area match1400009.spu,NA,MODIS,0.6068558891230292
Unispec-SC,Heath,H1,9,1,area match1400009.spu,NA,RapidSCAN,0.6157467341414616
Unispec-SC,Heath,H1,9,1,area match1400009.spu,NA,ToolikEDC,0.598205314361272
Unispec-SC,Heath,H1,10,1,area match1400010.spu,NA,Greenseeker,0.5927589868228045
Unispec-SC,Heath,H1,10,1,area match1400010.spu,NA,MODIS,0.6069274833823215
Unispec-SC,Heath,H1,10,1,area match1400010.spu,NA,RapidSCAN,0.6148465019531613
Unispec-SC,Heath,H1,10,1,area match1400010.spu,NA,ToolikEDC,0.5984145368528693
Unispec-SC,Heath,H2,1,1,area match1600001.spu,NA,Greenseeker,0.6703171170961143
Unispec-SC,Heath,H2,1,1,area match1600001.spu,NA,MODIS,0.6864744941499424
Unispec-SC,Heath,H2,1,1,area match1600001.spu,NA,RapidSCAN,0.682539312347313
Unispec-SC,Heath,H2,1,1,area match1600001.spu,NA,ToolikEDC,0.6726273004041993
Unispec-SC,Heath,H2,2,1,area match1600002.spu,NA,Greenseeker,0.670318949124124
Unispec-SC,Heath,H2,2,1,area match1600002.spu,NA,MODIS,0.6864451254262466
Unispec-SC,Heath,H2,2,1,area match1600002.spu,NA,RapidSCAN,0.6818529750322834
Unispec-SC,Heath,H2,2,1,area match1600002.spu,NA,ToolikEDC,0.6725517097762044
Unispec-SC,Heath,H2,3,1,area match1600003.spu,NA,Greenseeker,0.6704966273335166
Unispec-SC,Heath,H2,3,1,area match1600003.spu,NA,MODIS,0.6865269218665075
Unispec-SC,Heath,H2,3,1,area match1600003.spu,NA,RapidSCAN,0.6824132542882725
Unispec-SC,Heath,H2,3,1,area match1600003.spu,NA,ToolikEDC,0.6726294122722491
Unispec-SC,Heath,H2,4,1,area match1600004.spu,NA,Greenseeker,0.6700662286480533
Unispec-SC,Heath,H2,4,1,area match1600004.spu,NA,MODIS,0.6862826999688639
Unispec-SC,Heath,H2,4,1,area match1600004.spu,NA,RapidSCAN,0.6817479081974113
Unispec-SC,Heath,H2,4,1,area match1600004.spu,NA,ToolikEDC,0.6724058566975687
Unispec-SC,Heath,H2,5,1,area match1600005.spu,NA,Greenseeker,0.6698181733318942
Unispec-SC,Heath,H2,5,1,area match1600005.spu,NA,MODIS,0.6864753343263618
Unispec-SC,Heath,H2,5,1,area match1600005.spu,NA,RapidSCAN,0.6822297820151554
Unispec-SC,Heath,H2,5,1,area match1600005.spu,NA,ToolikEDC,0.6728013128164304
Unispec-SC,Heath,H2,6,1,area match1600006.spu,NA,Greenseeker,0.670672536885808
Unispec-SC,Heath,H2,6,1,area match1600006.spu,NA,MODIS,0.6868025374766474
Unispec-SC,Heath,H2,6,1,area match1600006.spu,NA,RapidSCAN,0.6822409166430634
Unispec-SC,Heath,H2,6,1,area match1600006.spu,NA,ToolikEDC,0.6730282969593099
Unispec-SC,Heath,H2,7,1,area match1600007.spu,NA,Greenseeker,0.6711699681846683
Unispec-SC,Heath,H2,7,1,area match1600007.spu,NA,MODIS,0.6875135021022748
Unispec-SC,Heath,H2,7,1,area match1600007.spu,NA,RapidSCAN,0.6829300165818215
Unispec-SC,Heath,H2,7,1,area match1600007.spu,NA,ToolikEDC,0.6736126180098433
Unispec-SC,Heath,H2,8,1,area match1600008.spu,NA,Greenseeker,0.6702544288109644
Unispec-SC,Heath,H2,8,1,area match1600008.spu,NA,MODIS,0.6866198647397309
Unispec-SC,Heath,H2,8,1,area match1600008.spu,NA,RapidSCAN,0.6824717842178364
Unispec-SC,Heath,H2,8,1,area match1600008.spu,NA,ToolikEDC,0.6728099019421446
Unispec-SC,Heath,H2,9,1,area match1600009.spu,NA,Greenseeker,0.6699357654183415
Unispec-SC,Heath,H2,9,1,area match1600009.spu,NA,MODIS,0.6866182212822314
Unispec-SC,Heath,H2,9,1,area match1600009.spu,NA,RapidSCAN,0.6824604279995445
Unispec-SC,Heath,H2,9,1,area match1600009.spu,NA,ToolikEDC,0.6729178968011932
Unispec-SC,Heath,H2,10,1,area match1600010.spu,NA,Greenseeker,0.669843982756451
Unispec-SC,Heath,H2,10,1,area match1600010.spu,NA,MODIS,0.6865128779843132
Unispec-SC,Heath,H2,10,1,area match1600010.spu,NA,RapidSCAN,0.6817833111776109
Unispec-SC,Heath,H2,10,1,area match1600010.spu,NA,ToolikEDC,0.6730033785808506
Unispec-SC,Heath,H3,1,1,area match1800001.spu,NA,Greenseeker,0.5121700683310257
Unispec-SC,Heath,H3,1,1,area match1800001.spu,NA,MODIS,0.538405763086694
Unispec-SC,Heath,H3,1,1,area match1800001.spu,NA,RapidSCAN,0.5265339038103984
Unispec-SC,Heath,H3,1,1,area match1800001.spu,NA,ToolikEDC,0.5348819076152147
Unispec-SC,Heath,H3,2,1,area match1800002.spu,NA,Greenseeker,0.5275156752433898
Unispec-SC,Heath,H3,2,1,area match1800002.spu,NA,MODIS,0.5521049796322797
Unispec-SC,Heath,H3,2,1,area match1800002.spu,NA,RapidSCAN,0.5425791975024739
Unispec-SC,Heath,H3,2,1,area match1800002.spu,NA,ToolikEDC,0.5473256122520098
Unispec-SC,Heath,H3,3,1,area match1800003.spu,NA,Greenseeker,0.5270653849139031
Unispec-SC,Heath,H3,3,1,area match1800003.spu,NA,MODIS,0.5514326939062386
Unispec-SC,Heath,H3,3,1,area match1800003.spu,NA,RapidSCAN,0.5419193324061196
Unispec-SC,Heath,H3,3,1,area match1800003.spu,NA,ToolikEDC,0.5466637456886988
Unispec-SC,Heath,H3,4,1,area match1800004.spu,NA,Greenseeker,0.5287628794689165
Unispec-SC,Heath,H3,4,1,area match1800004.spu,NA,MODIS,0.5530866368573584
Unispec-SC,Heath,H3,4,1,area match1800004.spu,NA,RapidSCAN,0.5433614564831261
Unispec-SC,Heath,H3,4,1,area match1800004.spu,NA,ToolikEDC,0.5480253725964467
Unispec-SC,Heath,H3,5,1,area match1800005.spu,NA,Greenseeker,0.5315176861139751
Unispec-SC,Heath,H3,5,1,area match1800005.spu,NA,MODIS,0.5560387713264624
Unispec-SC,Heath,H3,5,1,area match1800005.spu,NA,RapidSCAN,0.5465347139497235
Unispec-SC,Heath,H3,5,1,area match1800005.spu,NA,ToolikEDC,0.5507442140221617
Unispec-SC,Heath,H3,6,1,area match1800006.spu,NA,Greenseeker,0.5308663241860064
Unispec-SC,Heath,H3,6,1,area match1800006.spu,NA,MODIS,0.5550517413503769
Unispec-SC,Heath,H3,6,1,area match1800006.spu,NA,RapidSCAN,0.5457628442183587
Unispec-SC,Heath,H3,6,1,area match1800006.spu,NA,ToolikEDC,0.5500474384850178
Unispec-SC,Heath,H3,7,1,area match1800007.spu,NA,Greenseeker,0.5318577578450506
Unispec-SC,Heath,H3,7,1,area match1800007.spu,NA,MODIS,0.555107481032984
Unispec-SC,Heath,H3,7,1,area match1800007.spu,NA,RapidSCAN,0.5455711596448265
Unispec-SC,Heath,H3,7,1,area match1800007.spu,NA,ToolikEDC,0.5498730795168488
Unispec-SC,Heath,H3,8,1,area match1800008.spu,NA,Greenseeker,0.5279187817258884
Unispec-SC,Heath,H3,8,1,area match1800008.spu,NA,MODIS,0.55229256318264
Unispec-SC,Heath,H3,8,1,area match1800008.spu,NA,RapidSCAN,0.5425034517820085
Unispec-SC,Heath,H3,8,1,area match1800008.spu,NA,ToolikEDC,0.5473243598869934
Unispec-SC,Heath,H3,9,1,area match1800009.spu,NA,Greenseeker,0.5305578987412958
Unispec-SC,Heath,H3,9,1,area match1800009.spu,NA,MODIS,0.5547303377983684
Unispec-SC,Heath,H3,9,1,area match1800009.spu,NA,RapidSCAN,0.5451678056608471
Unispec-SC,Heath,H3,9,1,area match1800009.spu,NA,ToolikEDC,0.549744975439882
Unispec-SC,Heath,H3,10,1,area match1800010.spu,NA,Greenseeker,0.5352052284154438
Unispec-SC,Heath,H3,10,1,area match1800010.spu,NA,MODIS,0.5596984348100883
Unispec-SC,Heath,H3,10,1,area match1800010.spu,NA,RapidSCAN,0.5495545382274735
Unispec-SC,Heath,H3,10,1,area match1800010.spu,NA,ToolikEDC,0.554716689817494
Unispec-DC,Tussock,T1,1,NA,2019-06-26_COMP_00013.spu,NA,Greenseeker,0.6314022537225381
Unispec-DC,Tussock,T1,1,NA,2019-06-26_COMP_00013.spu,NA,MODIS,0.702225485685648
Unispec-DC,Tussock,T1,1,NA,2019-06-26_COMP_00013.spu,NA,RapidSCAN,0.6544592034983754
Unispec-DC,Tussock,T1,1,NA,2019-06-26_COMP_00013.spu,NA,ToolikEDC,0.6900012041394696
Unispec-DC,Tussock,T1,2,NA,2019-06-26_COMP_00014.spu,NA,Greenseeker,0.6307719529316149
Unispec-DC,Tussock,T1,2,NA,2019-06-26_COMP_00014.spu,NA,MODIS,0.7017191236928705
Unispec-DC,Tussock,T1,2,NA,2019-06-26_COMP_00014.spu,NA,RapidSCAN,0.653557498375349
Unispec-DC,Tussock,T1,2,NA,2019-06-26_COMP_00014.spu,NA,ToolikEDC,0.6896308550896794
Unispec-DC,Tussock,T1,3,NA,2019-06-26_COMP_00015.spu,NA,Greenseeker,0.631805020137538
Unispec-DC,Tussock,T1,3,NA,2019-06-26_COMP_00015.spu,NA,MODIS,0.7023684888836832
Unispec-DC,Tussock,T1,3,NA,2019-06-26_COMP_00015.spu,NA,RapidSCAN,0.6547486088461324
Unispec-DC,Tussock,T1,3,NA,2019-06-26_COMP_00015.spu,NA,ToolikEDC,0.6900281984680251
Unispec-DC,Tussock,T1,4,NA,2019-06-26_COMP_00016.spu,NA,Greenseeker,0.6313059146037021
Unispec-DC,Tussock,T1,4,NA,2019-06-26_COMP_00016.spu,NA,MODIS,0.7023159709455462
Unispec-DC,Tussock,T1,4,NA,2019-06-26_COMP_00016.spu,NA,RapidSCAN,0.6543612979020825
Unispec-DC,Tussock,T1,4,NA,2019-06-26_COMP_00016.spu,NA,ToolikEDC,0.690041481055317
Unispec-DC,Tussock,T1,5,NA,2019-06-26_COMP_00017.spu,NA,Greenseeker,0.6305139049232756
Unispec-DC,Tussock,T1,5,NA,2019-06-26_COMP_00017.spu,NA,MODIS,0.7016769088316236
Unispec-DC,Tussock,T1,5,NA,2019-06-26_COMP_00017.spu,NA,RapidSCAN,0.6537685456348082
Unispec-DC,Tussock,T1,5,NA,2019-06-26_COMP_00017.spu,NA,ToolikEDC,0.6892963322918694
Unispec-DC,Tussock,T1,6,NA,2019-06-26_COMP_00018.spu,NA,Greenseeker,0.6315771095226418
Unispec-DC,Tussock,T1,6,NA,2019-06-26_COMP_00018.spu,NA,MODIS,0.7025227605105383
Unispec-DC,Tussock,T1,6,NA,2019-06-26_COMP_00018.spu,NA,RapidSCAN,0.6545520416979204
Unispec-DC,Tussock,T1,6,NA,2019-06-26_COMP_00018.spu,NA,ToolikEDC,0.690121286873709
Unispec-DC,Tussock,T1,7,NA,2019-06-26_COMP_00019.spu,NA,Greenseeker,0.6305752448675529
Unispec-DC,Tussock,T1,7,NA,2019-06-26_COMP_00019.spu,NA,MODIS,0.7018633515952275
Unispec-DC,Tussock,T1,7,NA,2019-06-26_COMP_00019.spu,NA,RapidSCAN,0.6541658838030576
Unispec-DC,Tussock,T1,7,NA,2019-06-26_COMP_00019.spu,NA,ToolikEDC,0.6893314040673222
Unispec-DC,Tussock,T1,8,NA,2019-06-26_COMP_00020.spu,NA,Greenseeker,0.627268945117698
Unispec-DC,Tussock,T1,8,NA,2019-06-26_COMP_00020.spu,NA,MODIS,0.6995483973402243
Unispec-DC,Tussock,T1,8,NA,2019-06-26_COMP_00020.spu,NA,RapidSCAN,0.651011931093482
Unispec-DC,Tussock,T1,8,NA,2019-06-26_COMP_00020.spu,NA,ToolikEDC,0.687424974427027
Unispec-DC,Tussock,T1,9,NA,2019-06-26_COMP_00021.spu,NA,Greenseeker,0.637716735910319
Unispec-DC,Tussock,T1,9,NA,2019-06-26_COMP_00021.spu,NA,MODIS,0.7065943769877154
Unispec-DC,Tussock,T1,9,NA,2019-06-26_COMP_00021.spu,NA,RapidSCAN,0.6609151399431459
Unispec-DC,Tussock,T1,9,NA,2019-06-26_COMP_00021.spu,NA,ToolikEDC,0.6931359316482848
Unispec-DC,Tussock,T1,10,NA,2019-06-26_COMP_00022.spu,NA,Greenseeker,0.634843172482797
Unispec-DC,Tussock,T1,10,NA,2019-06-26_COMP_00022.spu,NA,MODIS,0.7045404522998159
Unispec-DC,Tussock,T1,10,NA,2019-06-26_COMP_00022.spu,NA,RapidSCAN,0.6586286370103666
Unispec-DC,Tussock,T1,10,NA,2019-06-26_COMP_00022.spu,NA,ToolikEDC,0.6913225561183364
Unispec-DC,Tussock,T2,1,NA,2019-06-26_COMP_00023.spu,NA,Greenseeker,0.5394983765404318
Unispec-DC,Tussock,T2,1,NA,2019-06-26_COMP_00023.spu,NA,MODIS,0.6338564500642958
Unispec-DC,Tussock,T2,1,NA,2019-06-26_COMP_00023.spu,NA,RapidSCAN,0.5670633156643177
Unispec-DC,Tussock,T2,1,NA,2019-06-26_COMP_00023.spu,NA,ToolikEDC,0.6270175295721859
Unispec-DC,Tussock,T2,2,NA,2019-06-26_COMP_00024.spu,NA,Greenseeker,0.5402347436842297
Unispec-DC,Tussock,T2,2,NA,2019-06-26_COMP_00024.spu,NA,MODIS,0.6351035893523689
Unispec-DC,Tussock,T2,2,NA,2019-06-26_COMP_00024.spu,NA,RapidSCAN,0.5683154123502984
Unispec-DC,Tussock,T2,2,NA,2019-06-26_COMP_00024.spu,NA,ToolikEDC,0.6281139852457499
Unispec-DC,Tussock,T2,3,NA,2019-06-26_COMP_00025.spu,NA,Greenseeker,0.5410803253445852
Unispec-DC,Tussock,T2,3,NA,2019-06-26_COMP_00025.spu,NA,MODIS,0.635135325082669
Unispec-DC,Tussock,T2,3,NA,2019-06-26_COMP_00025.spu,NA,RapidSCAN,0.5678436111566628
Unispec-DC,Tussock,T2,3,NA,2019-06-26_COMP_00025.spu,NA,ToolikEDC,0.6281530994592803
Unispec-DC,Tussock,T2,4,NA,2019-06-26_COMP_00026.spu,NA,Greenseeker,0.5395143772673063
Unispec-DC,Tussock,T2,4,NA,2019-06-26_COMP_00026.spu,NA,MODIS,0.6342725400851754
Unispec-DC,Tussock,T2,4,NA,2019-06-26_COMP_00026.spu,NA,RapidSCAN,0.5674816764507575
Unispec-DC,Tussock,T2,4,NA,2019-06-26_COMP_00026.spu,NA,ToolikEDC,0.6271373861823148
Unispec-DC,Tussock,T2,5,NA,2019-06-26_COMP_00027.spu,NA,Greenseeker,0.5390786986226869
Unispec-DC,Tussock,T2,5,NA,2019-06-26_COMP_00027.spu,NA,MODIS,0.633756132482159
Unispec-DC,Tussock,T2,5,NA,2019-06-26_COMP_00027.spu,NA,RapidSCAN,0.5667425963695693
Unispec-DC,Tussock,T2,5,NA,2019-06-26_COMP_00027.spu,NA,ToolikEDC,0.6266339747046998
Unispec-DC,Tussock,T2,6,NA,2019-06-26_COMP_00028.spu,NA,Greenseeker,0.541077074933391
Unispec-DC,Tussock,T2,6,NA,2019-06-26_COMP_00028.spu,NA,MODIS,0.6355268374210422
Unispec-DC,Tussock,T2,6,NA,2019-06-26_COMP_00028.spu,NA,RapidSCAN,0.5693865440792193
Unispec-DC,Tussock,T2,6,NA,2019-06-26_COMP_00028.spu,NA,ToolikEDC,0.6281417001041313
Unispec-DC,Tussock,T2,7,NA,2019-06-26_COMP_00029.spu,NA,Greenseeker,0.537723651962123
Unispec-DC,Tussock,T2,7,NA,2019-06-26_COMP_00029.spu,NA,MODIS,0.6335552385172034
Unispec-DC,Tussock,T2,7,NA,2019-06-26_COMP_00029.spu,NA,RapidSCAN,0.5657035220624628
Unispec-DC,Tussock,T2,7,NA,2019-06-26_COMP_00029.spu,NA,ToolikEDC,0.6262475861659019
Unispec-DC,Tussock,T2,8,NA,2019-06-26_COMP_00030.spu,NA,Greenseeker,0.5388467999662371
Unispec-DC,Tussock,T2,8,NA,2019-06-26_COMP_00030.spu,NA,MODIS,0.6341411193554052
Unispec-DC,Tussock,T2,8,NA,2019-06-26_COMP_00030.spu,NA,RapidSCAN,0.5668724702714512
Unispec-DC,Tussock,T2,8,NA,2019-06-26_COMP_00030.spu,NA,ToolikEDC,0.6266568263529982
Unispec-DC,Tussock,T2,9,NA,2019-06-26_COMP_00031.spu,NA,Greenseeker,0.5396152505436544
Unispec-DC,Tussock,T2,9,NA,2019-06-26_COMP_00031.spu,NA,MODIS,0.6347901107447049
Unispec-DC,Tussock,T2,9,NA,2019-06-26_COMP_00031.spu,NA,RapidSCAN,0.5681461284056317
Unispec-DC,Tussock,T2,9,NA,2019-06-26_COMP_00031.spu,NA,ToolikEDC,0.6271851113390818
Unispec-DC,Tussock,T2,10,NA,2019-06-26_COMP_00032.spu,NA,Greenseeker,0.5402400480703837
Unispec-DC,Tussock,T2,10,NA,2019-06-26_COMP_00032.spu,NA,MODIS,0.6351460533929026
Unispec-DC,Tussock,T2,10,NA,2019-06-26_COMP_00032.spu,NA,RapidSCAN,0.5682768430813814
Unispec-DC,Tussock,T2,10,NA,2019-06-26_COMP_00032.spu,NA,ToolikEDC,0.6276604477218679
Unispec-DC,Tussock,T3,1,NA,2019-06-26_COMP_00033.spu,NA,Greenseeker,0.5799868226138206
Unispec-DC,Tussock,T3,1,NA,2019-06-26_COMP_00033.spu,NA,MODIS,0.6650541464332003
Unispec-DC,Tussock,T3,1,NA,2019-06-26_COMP_00033.spu,NA,RapidSCAN,0.6034999674102304
Unispec-DC,Tussock,T3,1,NA,2019-06-26_COMP_00033.spu,NA,ToolikEDC,0.6516931523059515
Unispec-DC,Tussock,T3,2,NA,2019-06-26_COMP_00034.spu,NA,Greenseeker,0.5798589514621011
Unispec-DC,Tussock,T3,2,NA,2019-06-26_COMP_00034.spu,NA,MODIS,0.6645231450465175
Unispec-DC,Tussock,T3,2,NA,2019-06-26_COMP_00034.spu,NA,RapidSCAN,0.6028270607308921
Unispec-DC,Tussock,T3,2,NA,2019-06-26_COMP_00034.spu,NA,ToolikEDC,0.6509027665189513
Unispec-DC,Tussock,T3,3,NA,2019-06-26_COMP_00035.spu,NA,Greenseeker,0.5799181846756007
Unispec-DC,Tussock,T3,3,NA,2019-06-26_COMP_00035.spu,NA,MODIS,0.6648624696549409
Unispec-DC,Tussock,T3,3,NA,2019-06-26_COMP_00035.spu,NA,RapidSCAN,0.6032842873582824
Unispec-DC,Tussock,T3,3,NA,2019-06-26_COMP_00035.spu,NA,ToolikEDC,0.651310140858873
Unispec-DC,Tussock,T3,4,NA,2019-06-26_COMP_00036.spu,NA,Greenseeker,0.5807078498829146
Unispec-DC,Tussock,T3,4,NA,2019-06-26_COMP_00036.spu,NA,MODIS,0.665546196016858
Unispec-DC,Tussock,T3,4,NA,2019-06-26_COMP_00036.spu,NA,RapidSCAN,0.6033519149218334
Unispec-DC,Tussock,T3,4,NA,2019-06-26_COMP_00036.spu,NA,ToolikEDC,0.6521246594131026
Unispec-DC,Tussock,T3,5,NA,2019-06-26_COMP_00037.spu,NA,Greenseeker,0.5801825765222913
Unispec-DC,Tussock,T3,5,NA,2019-06-26_COMP_00037.spu,NA,MODIS,0.6650406794298578
Unispec-DC,Tussock,T3,5,NA,2019-06-26_COMP_00037.spu,NA,RapidSCAN,0.6033674266185852
Unispec-DC,Tussock,T3,5,NA,2019-06-26_COMP_00037.spu,NA,ToolikEDC,0.6515343015903875
Unispec-DC,Tussock,T3,6,NA,2019-06-26_COMP_00038.spu,NA,Greenseeker,0.5810766818153165
Unispec-DC,Tussock,T3,6,NA,2019-06-26_COMP_00038.spu,NA,MODIS,0.6655209177010368
Unispec-DC,Tussock,T3,6,NA,2019-06-26_COMP_00038.spu,NA,RapidSCAN,0.6032118947776262
Unispec-DC,Tussock,T3,6,NA,2019-06-26_COMP_00038.spu,NA,ToolikEDC,0.6520360380451855
Unispec-DC,Tussock,T3,7,NA,2019-06-26_COMP_00039.spu,NA,Greenseeker,0.5807477366088976
Unispec-DC,Tussock,T3,7,NA,2019-06-26_COMP_00039.spu,NA,MODIS,0.665605292169702
Unispec-DC,Tussock,T3,7,NA,2019-06-26_COMP_00039.spu,NA,RapidSCAN,0.6040109909216662
Unispec-DC,Tussock,T3,7,NA,2019-06-26_COMP_00039.spu,NA,ToolikEDC,0.6520356143795192
Unispec-DC,Tussock,T3,8,NA,2019-06-26_COMP_00040.spu,NA,Greenseeker,0.5807745920376316
Unispec-DC,Tussock,T3,8,NA,2019-06-26_COMP_00040.spu,NA,MODIS,0.6658504187219978
Unispec-DC,Tussock,T3,8,NA,2019-06-26_COMP_00040.spu,NA,RapidSCAN,0.6044378932601441
Unispec-DC,Tussock,T3,8,NA,2019-06-26_COMP_00040.spu,NA,ToolikEDC,0.6521552856791956
Unispec-DC,Tussock,T3,9,NA,2019-06-26_COMP_00041.spu,NA,Greenseeker,0.5805334534913547
Unispec-DC,Tussock,T3,9,NA,2019-06-26_COMP_00041.spu,NA,MODIS,0.6651213913732168
Unispec-DC,Tussock,T3,9,NA,2019-06-26_COMP_00041.spu,NA,RapidSCAN,0.6038093013435443
Unispec-DC,Tussock,T3,9,NA,2019-06-26_COMP_00041.spu,NA,ToolikEDC,0.6513351433340088
Unispec-DC,Tussock,T3,10,NA,2019-06-26_COMP_00042.spu,NA,Greenseeker,0.5805343719950189
Unispec-DC,Tussock,T3,10,NA,2019-06-26_COMP_00042.spu,NA,MODIS,0.6652124611991698
Unispec-DC,Tussock,T3,10,NA,2019-06-26_COMP_00042.spu,NA,RapidSCAN,0.6038711968212178
Unispec-DC,Tussock,T3,10,NA,2019-06-26_COMP_00042.spu,NA,ToolikEDC,0.6513479506726046
Unispec-DC,Shrub,S1,1,NA,2019-06-26_COMP_00043.spu,NA,Greenseeker,0.7945548425567641
Unispec-DC,Shrub,S1,1,NA,2019-06-26_COMP_00043.spu,NA,MODIS,0.815556494399703
Unispec-DC,Shrub,S1,1,NA,2019-06-26_COMP_00043.spu,NA,RapidSCAN,0.8340294715662511
Unispec-DC,Shrub,S1,1,NA,2019-06-26_COMP_00043.spu,NA,ToolikEDC,0.7805026628850151
Unispec-DC,Shrub,S1,2,NA,2019-06-26_COMP_00044.spu,NA,Greenseeker,0.7948922157793528
Unispec-DC,Shrub,S1,2,NA,2019-06-26_COMP_00044.spu,NA,MODIS,0.8158890542272385
Unispec-DC,Shrub,S1,2,NA,2019-06-26_COMP_00044.spu,NA,RapidSCAN,0.8346318252467276
Unispec-DC,Shrub,S1,2,NA,2019-06-26_COMP_00044.spu,NA,ToolikEDC,0.7808672363144767
Unispec-DC,Shrub,S1,3,NA,2019-06-26_COMP_00045.spu,NA,Greenseeker,0.7947116166665334
Unispec-DC,Shrub,S1,3,NA,2019-06-26_COMP_00045.spu,NA,MODIS,0.8155335656465926
Unispec-DC,Shrub,S1,3,NA,2019-06-26_COMP_00045.spu,NA,RapidSCAN,0.8340978880030486
Unispec-DC,Shrub,S1,3,NA,2019-06-26_COMP_00045.spu,NA,ToolikEDC,0.7804814128998786
Unispec-DC,Shrub,S1,4,NA,2019-06-26_COMP_00046.spu,NA,Greenseeker,0.7938479500651966
Unispec-DC,Shrub,S1,4,NA,2019-06-26_COMP_00046.spu,NA,MODIS,0.8151882187802257
Unispec-DC,Shrub,S1,4,NA,2019-06-26_COMP_00046.spu,NA,RapidSCAN,0.8336962194343012
Unispec-DC,Shrub,S1,4,NA,2019-06-26_COMP_00046.spu,NA,ToolikEDC,0.7799533378983845
Unispec-DC,Shrub,S1,5,NA,2019-06-26_COMP_00047.spu,NA,Greenseeker,0.7941850593307626
Unispec-DC,Shrub,S1,5,NA,2019-06-26_COMP_00047.spu,NA,MODIS,0.8153913568654872
Unispec-DC,Shrub,S1,5,NA,2019-06-26_COMP_00047.spu,NA,RapidSCAN,0.8337753413984423
Unispec-DC,Shrub,S1,5,NA,2019-06-26_COMP_00047.spu,NA,ToolikEDC,0.7800945312056716
Unispec-DC,Shrub,S1,6,NA,2019-06-26_COMP_00048.spu,NA,Greenseeker,0.794436289725033
Unispec-DC,Shrub,S1,6,NA,2019-06-26_COMP_00048.spu,NA,MODIS,0.8156952314521335
Unispec-DC,Shrub,S1,6,NA,2019-06-26_COMP_00048.spu,NA,RapidSCAN,0.8344573134474106
Unispec-DC,Shrub,S1,6,NA,2019-06-26_COMP_00048.spu,NA,ToolikEDC,0.7803828256072196
Unispec-DC,Shrub,S1,7,NA,2019-06-26_COMP_00049.spu,NA,Greenseeker,0.794782142259111
Unispec-DC,Shrub,S1,7,NA,2019-06-26_COMP_00049.spu,NA,MODIS,0.8156606492935222
Unispec-DC,Shrub,S1,7,NA,2019-06-26_COMP_00049.spu,NA,RapidSCAN,0.8340706001913666
Unispec-DC,Shrub,S1,7,NA,2019-06-26_COMP_00049.spu,NA,ToolikEDC,0.7803459765442177
Unispec-DC,Shrub,S1,8,NA,2019-06-26_COMP_00050.spu,NA,Greenseeker,0.7944666667626282
Unispec-DC,Shrub,S1,8,NA,2019-06-26_COMP_00050.spu,NA,MODIS,0.8155036775775569
Unispec-DC,Shrub,S1,8,NA,2019-06-26_COMP_00050.spu,NA,RapidSCAN,0.8343554016978999
Unispec-DC,Shrub,S1,8,NA,2019-06-26_COMP_00050.spu,NA,ToolikEDC,0.7801113470647563
Unispec-DC,Shrub,S1,9,NA,2019-06-26_COMP_00051.spu,NA,Greenseeker,0.7939498303193506
Unispec-DC,Shrub,S1,9,NA,2019-06-26_COMP_00051.spu,NA,MODIS,0.8154665620197395
Unispec-DC,Shrub,S1,9,NA,2019-06-26_COMP_00051.spu,NA,RapidSCAN,0.8343276463681121
Unispec-DC,Shrub,S1,9,NA,2019-06-26_COMP_00051.spu,NA,ToolikEDC,0.7802253809735721
Unispec-DC,Shrub,S1,10,NA,2019-06-26_COMP_00052.spu,NA,Greenseeker,0.7953600237717089
Unispec-DC,Shrub,S1,10,NA,2019-06-26_COMP_00052.spu,NA,MODIS,0.8161188951358926
Unispec-DC,Shrub,S1,10,NA,2019-06-26_COMP_00052.spu,NA,RapidSCAN,0.8350255083321644
Unispec-DC,Shrub,S1,10,NA,2019-06-26_COMP_00052.spu,NA,ToolikEDC,0.78077028502785
Unispec-DC,Shrub,S2,1,NA,2019-06-26_COMP_00053.spu,NA,Greenseeker,0.7889137008345309
Unispec-DC,Shrub,S2,1,NA,2019-06-26_COMP_00053.spu,NA,MODIS,0.821420604583313
Unispec-DC,Shrub,S2,1,NA,2019-06-26_COMP_00053.spu,NA,RapidSCAN,0.8174118104008762
Unispec-DC,Shrub,S2,1,NA,2019-06-26_COMP_00053.spu,NA,ToolikEDC,0.7922665658207508
Unispec-DC,Shrub,S2,2,NA,2019-06-26_COMP_00054.spu,NA,Greenseeker,0.7891618145494345
Unispec-DC,Shrub,S2,2,NA,2019-06-26_COMP_00054.spu,NA,MODIS,0.8220547200225726
Unispec-DC,Shrub,S2,2,NA,2019-06-26_COMP_00054.spu,NA,RapidSCAN,0.8180269748046408
Unispec-DC,Shrub,S2,2,NA,2019-06-26_COMP_00054.spu,NA,ToolikEDC,0.7929113523735688
Unispec-DC,Shrub,S2,3,NA,2019-06-26_COMP_00055.spu,NA,Greenseeker,0.7891125912692325
Unispec-DC,Shrub,S2,3,NA,2019-06-26_COMP_00055.spu,NA,MODIS,0.8220189624200381
Unispec-DC,Shrub,S2,3,NA,2019-06-26_COMP_00055.spu,NA,RapidSCAN,0.8177096278041452
Unispec-DC,Shrub,S2,3,NA,2019-06-26_COMP_00055.spu,NA,ToolikEDC,0.7927895451358496
Unispec-DC,Shrub,S2,4,NA,2019-06-26_COMP_00056.spu,NA,Greenseeker,0.7892755616688604
Unispec-DC,Shrub,S2,4,NA,2019-06-26_COMP_00056.spu,NA,MODIS,0.8218633499843994
Unispec-DC,Shrub,S2,4,NA,2019-06-26_COMP_00056.spu,NA,RapidSCAN,0.8176163932381648
Unispec-DC,Shrub,S2,4,NA,2019-06-26_COMP_00056.spu,NA,ToolikEDC,0.7925480073593181
Unispec-DC,Shrub,S2,5,NA,2019-06-26_COMP_00057.spu,NA,Greenseeker,0.7886758106943395
Unispec-DC,Shrub,S2,5,NA,2019-06-26_COMP_00057.spu,NA,MODIS,0.8217160316007166
Unispec-DC,Shrub,S2,5,NA,2019-06-26_COMP_00057.spu,NA,RapidSCAN,0.8173531659644233
Unispec-DC,Shrub,S2,5,NA,2019-06-26_COMP_00057.spu,NA,ToolikEDC,0.7924573929017402
Unispec-DC,Shrub,S2,6,NA,2019-06-26_COMP_00058.spu,NA,Greenseeker,0.7879979850848099
Unispec-DC,Shrub,S2,6,NA,2019-06-26_COMP_00058.spu,NA,MODIS,0.8209012583045342
Unispec-DC,Shrub,S2,6,NA,2019-06-26_COMP_00058.spu,NA,RapidSCAN,0.8165637023740716
Unispec-DC,Shrub,S2,6,NA,2019-06-26_COMP_00058.spu,NA,ToolikEDC,0.7917473791494565
Unispec-DC,Shrub,S2,7,NA,2019-06-26_COMP_00059.spu,NA,Greenseeker,0.7881768896009086
Unispec-DC,Shrub,S2,7,NA,2019-06-26_COMP_00059.spu,NA,MODIS,0.8208901270881265
Unispec-DC,Shrub,S2,7,NA,2019-06-26_COMP_00059.spu,NA,RapidSCAN,0.816841878302641
Unispec-DC,Shrub,S2,7,NA,2019-06-26_COMP_00059.spu,NA,ToolikEDC,0.7917671229506282
Unispec-DC,Shrub,S2,8,NA,2019-06-26_COMP_00060.spu,NA,Greenseeker,0.7883311540603283
Unispec-DC,Shrub,S2,8,NA,2019-06-26_COMP_00060.spu,NA,MODIS,0.8212102037665239
Unispec-DC,Shrub,S2,8,NA,2019-06-26_COMP_00060.spu,NA,RapidSCAN,0.8171759550785255
Unispec-DC,Shrub,S2,8,NA,2019-06-26_COMP_00060.spu,NA,ToolikEDC,0.7918785585116803
Unispec-DC,Shrub,S2,9,NA,2019-06-26_COMP_00061.spu,NA,Greenseeker,0.7887163089480141
Unispec-DC,Shrub,S2,9,NA,2019-06-26_COMP_00061.spu,NA,MODIS,0.821354081841379
Unispec-DC,Shrub,S2,9,NA,2019-06-26_COMP_00061.spu,NA,RapidSCAN,0.8171701612609843
Unispec-DC,Shrub,S2,9,NA,2019-06-26_COMP_00061.spu,NA,ToolikEDC,0.7920078373206547
Unispec-DC,Shrub,S2,10,NA,2019-06-26_COMP_00062.spu,NA,Greenseeker,0.7888916223337791
Unispec-DC,Shrub,S2,10,NA,2019-06-26_COMP_00062.spu,NA,MODIS,0.8216241957857823
Unispec-DC,Shrub,S2,10,NA,2019-06-26_COMP_00062.spu,NA,RapidSCAN,0.817162513913655
Unispec-DC,Shrub,S2,10,NA,2019-06-26_COMP_00062.spu,NA,ToolikEDC,0.7922404828744168
Unispec-DC,Shrub,S3,1,NA,2019-06-26_COMP_00063.spu,NA,Greenseeker,0.7295033518402579
Unispec-DC,Shrub,S3,1,NA,2019-06-26_COMP_00063.spu,NA,MODIS,0.7709257544601779
Unispec-DC,Shrub,S3,1,NA,2019-06-26_COMP_00063.spu,NA,RapidSCAN,0.7636872027091325
Unispec-DC,Shrub,S3,1,NA,2019-06-26_COMP_00063.spu,NA,ToolikEDC,0.7411281580525759
Unispec-DC,Shrub,S3,2,NA,2019-06-26_COMP_00064.spu,NA,Greenseeker,0.7282625796390536
Unispec-DC,Shrub,S3,2,NA,2019-06-26_COMP_00064.spu,NA,MODIS,0.769636528932654
Unispec-DC,Shrub,S3,2,NA,2019-06-26_COMP_00064.spu,NA,RapidSCAN,0.7624130564071894
Unispec-DC,Shrub,S3,2,NA,2019-06-26_COMP_00064.spu,NA,ToolikEDC,0.7397705425532389
Unispec-DC,Shrub,S3,3,NA,2019-06-26_COMP_00065.spu,NA,Greenseeker,0.7283735950098992
Unispec-DC,Shrub,S3,3,NA,2019-06-26_COMP_00065.spu,NA,MODIS,0.7695437546326213
Unispec-DC,Shrub,S3,3,NA,2019-06-26_COMP_00065.spu,NA,RapidSCAN,0.7628423110193547
Unispec-DC,Shrub,S3,3,NA,2019-06-26_COMP_00065.spu,NA,ToolikEDC,0.739599759568191
Unispec-DC,Shrub,S3,4,NA,2019-06-26_COMP_00066.spu,NA,Greenseeker,0.7281735644132972
Unispec-DC,Shrub,S3,4,NA,2019-06-26_COMP_00066.spu,NA,MODIS,0.7694699754779725
Unispec-DC,Shrub,S3,4,NA,2019-06-26_COMP_00066.spu,NA,RapidSCAN,0.7622383943911882
Unispec-DC,Shrub,S3,4,NA,2019-06-26_COMP_00066.spu,NA,ToolikEDC,0.7395268143564276
Unispec-DC,Shrub,S3,5,NA,2019-06-26_COMP_00067.spu,NA,Greenseeker,0.730206265823662
Unispec-DC,Shrub,S3,5,NA,2019-06-26_COMP_00067.spu,NA,MODIS,0.7714886060994129
Unispec-DC,Shrub,S3,5,NA,2019-06-26_COMP_00067.spu,NA,RapidSCAN,0.7643781732222252
Unispec-DC,Shrub,S3,5,NA,2019-06-26_COMP_00067.spu,NA,ToolikEDC,0.7414377894298241
Unispec-DC,Shrub,S3,6,NA,2019-06-26_COMP_00068.spu,NA,Greenseeker,0.7293398319648123
Unispec-DC,Shrub,S3,6,NA,2019-06-26_COMP_00068.spu,NA,MODIS,0.7708794891397297
Unispec-DC,Shrub,S3,6,NA,2019-06-26_COMP_00068.spu,NA,RapidSCAN,0.7637575314352658
Unispec-DC,Shrub,S3,6,NA,2019-06-26_COMP_00068.spu,NA,ToolikEDC,0.7408866078270255
Unispec-DC,Shrub,S3,7,NA,2019-06-26_COMP_00069.spu,NA,Greenseeker,0.7280520296242841
Unispec-DC,Shrub,S3,7,NA,2019-06-26_COMP_00069.spu,NA,MODIS,0.7694975301365076
Unispec-DC,Shrub,S3,7,NA,2019-06-26_COMP_00069.spu,NA,RapidSCAN,0.7625734738263269
Unispec-DC,Shrub,S3,7,NA,2019-06-26_COMP_00069.spu,NA,ToolikEDC,0.7394761894331799
Unispec-DC,Shrub,S3,8,NA,2019-06-26_COMP_00070.spu,NA,Greenseeker,0.7286008532353381
Unispec-DC,Shrub,S3,8,NA,2019-06-26_COMP_00070.spu,NA,MODIS,0.7698222665513835
Unispec-DC,Shrub,S3,8,NA,2019-06-26_COMP_00070.spu,NA,RapidSCAN,0.7627575296086783
Unispec-DC,Shrub,S3,8,NA,2019-06-26_COMP_00070.spu,NA,ToolikEDC,0.7398070055499039
Unispec-DC,Shrub,S3,9,NA,2019-06-26_COMP_00071.spu,NA,Greenseeker,0.7306994718876448
Unispec-DC,Shrub,S3,9,NA,2019-06-26_COMP_00071.spu,NA,MODIS,0.7715411412098795
Unispec-DC,Shrub,S3,9,NA,2019-06-26_COMP_00071.spu,NA,RapidSCAN,0.76467193575915815
Unispec-DC,Shrub,S3,9,NA,2019-06-26_COMP_00071.spu,NA,ToolikEDC,0.7415090691296271
Unispec-DC,Shrub,S3,10,NA,2019-06-26_COMP_00072.spu,NA,Greenseeker,0.7294214158201952
Unispec-DC,Shrub,S3,10,NA,2019-06-26_COMP_00072.spu,NA,MODIS,0.7705245989750665
Unispec-DC,Shrub,S3,10,NA,2019-06-26_COMP_00072.spu,NA,RapidSCAN,0.7637991598924805
Unispec-DC,Shrub,S3,10,NA,2019-06-26_COMP_00072.spu,NA,ToolikEDC,0.7404423100153885
Unispec-DC,Heath,H1,1,NA,2019-06-26_COMP_00083.spu,NA,Greenseeker,0.49713545062307113
Unispec-DC,Heath,H1,1,NA,2019-06-26_COMP_00083.spu,NA,MODIS,0.588844583107698
Unispec-DC,Heath,H1,1,NA,2019-06-26_COMP_00083.spu,NA,RapidSCAN,0.5222304471935274
Unispec-DC,Heath,H1,1,NA,2019-06-26_COMP_00083.spu,NA,ToolikEDC,0.5863623850443669
Unispec-DC,Heath,H1,2,NA,2019-06-26_COMP_00084.spu,NA,Greenseeker,0.5006102978807766
Unispec-DC,Heath,H1,2,NA,2019-06-26_COMP_00084.spu,NA,MODIS,0.5920935424771872
Unispec-DC,Heath,H1,2,NA,2019-06-26_COMP_00084.spu,NA,RapidSCAN,0.5251527058887484
Unispec-DC,Heath,H1,2,NA,2019-06-26_COMP_00084.spu,NA,ToolikEDC,0.5895842851138414
Unispec-DC,Heath,H1,3,NA,2019-06-26_COMP_00085.spu,NA,Greenseeker,0.498362670757455
Unispec-DC,Heath,H1,3,NA,2019-06-26_COMP_00085.spu,NA,MODIS,0.590194389315326
Unispec-DC,Heath,H1,3,NA,2019-06-26_COMP_00085.spu,NA,RapidSCAN,0.5231699436856202
Unispec-DC,Heath,H1,3,NA,2019-06-26_COMP_00085.spu,NA,ToolikEDC,0.587675689808889
Unispec-DC,Heath,H1,4,NA,2019-06-26_COMP_00086.spu,NA,Greenseeker,0.49783546096292575
Unispec-DC,Heath,H1,4,NA,2019-06-26_COMP_00086.spu,NA,MODIS,0.5896518766439575
Unispec-DC,Heath,H1,4,NA,2019-06-26_COMP_00086.spu,NA,RapidSCAN,0.5226726389017398
Unispec-DC,Heath,H1,4,NA,2019-06-26_COMP_00086.spu,NA,ToolikEDC,0.5871899679188705
Unispec-DC,Heath,H1,5,NA,2019-06-26_COMP_00087.spu,NA,Greenseeker,0.49882895498367985
Unispec-DC,Heath,H1,5,NA,2019-06-26_COMP_00087.spu,NA,MODIS,0.5905388763854661
Unispec-DC,Heath,H1,5,NA,2019-06-26_COMP_00087.spu,NA,RapidSCAN,0.5235463536100948
Unispec-DC,Heath,H1,5,NA,2019-06-26_COMP_00087.spu,NA,ToolikEDC,0.5881778643960944
Unispec-DC,Heath,H1,6,NA,2019-06-26_COMP_00088.spu,NA,Greenseeker,0.4997323444676841
Unispec-DC,Heath,H1,6,NA,2019-06-26_COMP_00088.spu,NA,MODIS,0.5914603775780818
Unispec-DC,Heath,H1,6,NA,2019-06-26_COMP_00088.spu,NA,RapidSCAN,0.5244766872484016
Unispec-DC,Heath,H1,6,NA,2019-06-26_COMP_00088.spu,NA,ToolikEDC,0.5889993840800127
Unispec-DC,Heath,H1,7,NA,2019-06-26_COMP_00089.spu,NA,Greenseeker,0.49897838865441496
Unispec-DC,Heath,H1,7,NA,2019-06-26_COMP_00089.spu,NA,MODIS,0.5905436648392705
Unispec-DC,Heath,H1,7,NA,2019-06-26_COMP_00089.spu,NA,RapidSCAN,0.5238239490041264
Unispec-DC,Heath,H1,7,NA,2019-06-26_COMP_00089.spu,NA,ToolikEDC,0.5880069135146163
Unispec-DC,Heath,H1,8,NA,2019-06-26_COMP_00090.spu,NA,Greenseeker,0.4969620133441488
Unispec-DC,Heath,H1,8,NA,2019-06-26_COMP_00090.spu,NA,MODIS,0.5884956216604302
Unispec-DC,Heath,H1,8,NA,2019-06-26_COMP_00090.spu,NA,RapidSCAN,0.5220306716678654
Unispec-DC,Heath,H1,8,NA,2019-06-26_COMP_00090.spu,NA,ToolikEDC,0.5860258541491158
Unispec-DC,Heath,H1,9,NA,2019-06-26_COMP_00091.spu,NA,Greenseeker,0.49972623259244087
Unispec-DC,Heath,H1,9,NA,2019-06-26_COMP_00091.spu,NA,MODIS,0.5909723857335395
Unispec-DC,Heath,H1,9,NA,2019-06-26_COMP_00091.spu,NA,RapidSCAN,0.524183323699238
Unispec-DC,Heath,H1,9,NA,2019-06-26_COMP_00091.spu,NA,ToolikEDC,0.5885325263876097
Unispec-DC,Heath,H1,10,NA,2019-06-26_COMP_00092.spu,NA,Greenseeker,0.4998646213939101
Unispec-DC,Heath,H1,10,NA,2019-06-26_COMP_00092.spu,NA,MODIS,0.5909560505329202
Unispec-DC,Heath,H1,10,NA,2019-06-26_COMP_00092.spu,NA,RapidSCAN,0.5242085568923919
Unispec-DC,Heath,H1,10,NA,2019-06-26_COMP_00092.spu,NA,ToolikEDC,0.5884263476541003
Unispec-DC,Heath,H2,1,NA,2019-06-26_COMP_00093.spu,NA,Greenseeker,0.6338337536451862
Unispec-DC,Heath,H2,1,NA,2019-06-26_COMP_00093.spu,NA,MODIS,0.7056212597708345
Unispec-DC,Heath,H2,1,NA,2019-06-26_COMP_00093.spu,NA,RapidSCAN,0.6525460894258763
Unispec-DC,Heath,H2,1,NA,2019-06-26_COMP_00093.spu,NA,ToolikEDC,0.6976185844130449
Unispec-DC,Heath,H2,2,NA,2019-06-26_COMP_00094.spu,NA,Greenseeker,0.634804646736753
Unispec-DC,Heath,H2,2,NA,2019-06-26_COMP_00094.spu,NA,MODIS,0.7063052960094964
Unispec-DC,Heath,H2,2,NA,2019-06-26_COMP_00094.spu,NA,RapidSCAN,0.6530835999332375
Unispec-DC,Heath,H2,2,NA,2019-06-26_COMP_00094.spu,NA,ToolikEDC,0.6982051199854697
Unispec-DC,Heath,H2,3,NA,2019-06-26_COMP_00095.spu,NA,Greenseeker,0.6346567056885694
Unispec-DC,Heath,H2,3,NA,2019-06-26_COMP_00095.spu,NA,MODIS,0.7060312378065676
Unispec-DC,Heath,H2,3,NA,2019-06-26_COMP_00095.spu,NA,RapidSCAN,0.6530111852967173
Unispec-DC,Heath,H2,3,NA,2019-06-26_COMP_00095.spu,NA,ToolikEDC,0.6980846415303801
Unispec-DC,Heath,H2,4,NA,2019-06-26_COMP_00096.spu,NA,Greenseeker,0.6344733724825534
Unispec-DC,Heath,H2,4,NA,2019-06-26_COMP_00096.spu,NA,MODIS,0.7059600345830888
Unispec-DC,Heath,H2,4,NA,2019-06-26_COMP_00096.spu,NA,RapidSCAN,0.6528187082568387
Unispec-DC,Heath,H2,4,NA,2019-06-26_COMP_00096.spu,NA,ToolikEDC,0.6980250291601661
Unispec-DC,Heath,H2,5,NA,2019-06-26_COMP_00097.spu,NA,Greenseeker,0.6340879559497351
Unispec-DC,Heath,H2,5,NA,2019-06-26_COMP_00097.spu,NA,MODIS,0.7058593095542891
Unispec-DC,Heath,H2,5,NA,2019-06-26_COMP_00097.spu,NA,RapidSCAN,0.6530102935693411
Unispec-DC,Heath,H2,5,NA,2019-06-26_COMP_00097.spu,NA,ToolikEDC,0.6979487663209729
Unispec-DC,Heath,H2,6,NA,2019-06-26_COMP_00098.spu,NA,Greenseeker,0.6343223679284541
Unispec-DC,Heath,H2,6,NA,2019-06-26_COMP_00098.spu,NA,MODIS,0.7059518103848338
Unispec-DC,Heath,H2,6,NA,2019-06-26_COMP_00098.spu,NA,RapidSCAN,0.6530542225571692
Unispec-DC,Heath,H2,6,NA,2019-06-26_COMP_00098.spu,NA,ToolikEDC,0.6980038838924272
Unispec-DC,Heath,H2,7,NA,2019-06-26_COMP_00099.spu,NA,Greenseeker,0.6345669348800643
Unispec-DC,Heath,H2,7,NA,2019-06-26_COMP_00099.spu,NA,MODIS,0.7061454350949242
Unispec-DC,Heath,H2,7,NA,2019-06-26_COMP_00099.spu,NA,RapidSCAN,0.6534337788453435
Unispec-DC,Heath,H2,7,NA,2019-06-26_COMP_00099.spu,NA,ToolikEDC,0.6981006116068174
Unispec-DC,Heath,H2,8,NA,2019-06-26_COMP_00100.spu,NA,Greenseeker,0.6344196619571832
Unispec-DC,Heath,H2,8,NA,2019-06-26_COMP_00100.spu,NA,MODIS,0.7059792947319223
Unispec-DC,Heath,H2,8,NA,2019-06-26_COMP_00100.spu,NA,RapidSCAN,0.6530611881474941
Unispec-DC,Heath,H2,8,NA,2019-06-26_COMP_00100.spu,NA,ToolikEDC,0.6980371069055823
Unispec-DC,Heath,H2,9,NA,2019-06-26_COMP_00101.spu,NA,Greenseeker,0.63501623291607745
Unispec-DC,Heath,H2,9,NA,2019-06-26_COMP_00101.spu,NA,MODIS,0.7065681184595436
Unispec-DC,Heath,H2,9,NA,2019-06-26_COMP_00101.spu,NA,RapidSCAN,0.653610099126875
Unispec-DC,Heath,H2,9,NA,2019-06-26_COMP_00101.spu,NA,ToolikEDC,0.6986600612164026
Unispec-DC,Heath,H2,10,NA,2019-06-26_COMP_00102.spu,NA,Greenseeker,0.6344961146327638
Unispec-DC,Heath,H2,10,NA,2019-06-26_COMP_00102.spu,NA,MODIS,0.7059549124210668
Unispec-DC,Heath,H2,10,NA,2019-06-26_COMP_00102.spu,NA,RapidSCAN,0.6529820364194184
Unispec-DC,Heath,H2,10,NA,2019-06-26_COMP_00102.spu,NA,ToolikEDC,0.6981403437977283
Unispec-DC,Heath,H3,1,NA,2019-06-26_COMP_00103.spu,NA,Greenseeker,0.5866727498275424
Unispec-DC,Heath,H3,1,NA,2019-06-26_COMP_00103.spu,NA,MODIS,0.657036693494649
Unispec-DC,Heath,H3,1,NA,2019-06-26_COMP_00103.spu,NA,RapidSCAN,0.6082603959318382
Unispec-DC,Heath,H3,1,NA,2019-06-26_COMP_00103.spu,NA,ToolikEDC,0.6486581030195627
Unispec-DC,Heath,H3,2,NA,2019-06-26_COMP_00104.spu,NA,Greenseeker,0.5870323414113985
Unispec-DC,Heath,H3,2,NA,2019-06-26_COMP_00104.spu,NA,MODIS,0.6570655416109886
Unispec-DC,Heath,H3,2,NA,2019-06-26_COMP_00104.spu,NA,RapidSCAN,0.6083447678379929
Unispec-DC,Heath,H3,2,NA,2019-06-26_COMP_00104.spu,NA,ToolikEDC,0.6486212168676109
Unispec-DC,Heath,H3,3,NA,2019-06-26_COMP_00105.spu,NA,Greenseeker,0.5875882203231684
Unispec-DC,Heath,H3,3,NA,2019-06-26_COMP_00105.spu,NA,MODIS,0.6575497971638621
Unispec-DC,Heath,H3,3,NA,2019-06-26_COMP_00105.spu,NA,RapidSCAN,0.6086277544898704
Unispec-DC,Heath,H3,3,NA,2019-06-26_COMP_00105.spu,NA,ToolikEDC,0.6491120057505267
Unispec-DC,Heath,H3,4,NA,2019-06-26_COMP_00106.spu,NA,Greenseeker,0.5885170400224928
Unispec-DC,Heath,H3,4,NA,2019-06-26_COMP_00106.spu,NA,MODIS,0.6584147740444654
Unispec-DC,Heath,H3,4,NA,2019-06-26_COMP_00106.spu,NA,RapidSCAN,0.6092294810521254
Unispec-DC,Heath,H3,4,NA,2019-06-26_COMP_00106.spu,NA,ToolikEDC,0.6500288952116132
Unispec-DC,Heath,H3,5,NA,2019-06-26_COMP_00107.spu,NA,Greenseeker,0.5881678220185493
Unispec-DC,Heath,H3,5,NA,2019-06-26_COMP_00107.spu,NA,MODIS,0.6580080551500475
Unispec-DC,Heath,H3,5,NA,2019-06-26_COMP_00107.spu,NA,RapidSCAN,0.6090650656360702
Unispec-DC,Heath,H3,5,NA,2019-06-26_COMP_00107.spu,NA,ToolikEDC,0.6496501971233233
Unispec-DC,Heath,H3,6,NA,2019-06-26_COMP_00108.spu,NA,Greenseeker,0.5885644679079283
Unispec-DC,Heath,H3,6,NA,2019-06-26_COMP_00108.spu,NA,MODIS,0.6580496795201208
Unispec-DC,Heath,H3,6,NA,2019-06-26_COMP_00108.spu,NA,RapidSCAN,0.6093518449727332
Unispec-DC,Heath,H3,6,NA,2019-06-26_COMP_00108.spu,NA,ToolikEDC,0.6495421888095454
Unispec-DC,Heath,H3,7,NA,2019-06-26_COMP_00109.spu,NA,Greenseeker,0.5885945533897535
Unispec-DC,Heath,H3,7,NA,2019-06-26_COMP_00109.spu,NA,MODIS,0.6584275795598751
Unispec-DC,Heath,H3,7,NA,2019-06-26_COMP_00109.spu,NA,RapidSCAN,0.609555410463778
Unispec-DC,Heath,H3,7,NA,2019-06-26_COMP_00109.spu,NA,ToolikEDC,0.6501862523679586
Unispec-DC,Heath,H3,8,NA,2019-06-26_COMP_00110.spu,NA,Greenseeker,0.5893555692287055
Unispec-DC,Heath,H3,8,NA,2019-06-26_COMP_00110.spu,NA,MODIS,0.6589583637216689
Unispec-DC,Heath,H3,8,NA,2019-06-26_COMP_00110.spu,NA,RapidSCAN,0.6101821208085665
Unispec-DC,Heath,H3,8,NA,2019-06-26_COMP_00110.spu,NA,ToolikEDC,0.6507453972073783
Unispec-DC,Heath,H3,9,NA,2019-06-26_COMP_00111.spu,NA,Greenseeker,0.5899628524326048
Unispec-DC,Heath,H3,9,NA,2019-06-26_COMP_00111.spu,NA,MODIS,0.6595486504929701
Unispec-DC,Heath,H3,9,NA,2019-06-26_COMP_00111.spu,NA,RapidSCAN,0.6103950861549851
Unispec-DC,Heath,H3,9,NA,2019-06-26_COMP_00111.spu,NA,ToolikEDC,0.6513228414032014
Unispec-DC,Heath,H3,10,NA,2019-06-26_COMP_00112.spu,NA,Greenseeker,0.5896892089007963
Unispec-DC,Heath,H3,10,NA,2019-06-26_COMP_00112.spu,NA,MODIS,0.6594609794827337
Unispec-DC,Heath,H3,10,NA,2019-06-26_COMP_00112.spu,NA,RapidSCAN,0.6103601284719166
Unispec-DC,Heath,H3,10,NA,2019-06-26_COMP_00112.spu,NA,ToolikEDC,0.6511111729153114
ASD,Tussock,T1,1,NA,toolik_area_match00000.asd,Files listed chronologically,Greenseeker,0.6892097759207158
ASD,Tussock,T1,1,NA,toolik_area_match00000.asd,Files listed chronologically,MODIS,0.7076811181451114
ASD,Tussock,T1,1,NA,toolik_area_match00000.asd,Files listed chronologically,RapidSCAN,0.7085523480174531
ASD,Tussock,T1,1,NA,toolik_area_match00000.asd,Files listed chronologically,ToolikEDC,0.6901206022383857
ASD,Tussock,T1,2,NA,toolik_area_match00001.asd,NA,Greenseeker,0.6716071897826379
ASD,Tussock,T1,2,NA,toolik_area_match00001.asd,NA,MODIS,0.6962687226363401
ASD,Tussock,T1,2,NA,toolik_area_match00001.asd,NA,RapidSCAN,0.6855977992098732
ASD,Tussock,T1,2,NA,toolik_area_match00001.asd,NA,ToolikEDC,0.683623941238679
ASD,Tussock,T1,3,NA,toolik_area_match00002.asd,NA,Greenseeker,0.7177449385045472
ASD,Tussock,T1,3,NA,toolik_area_match00002.asd,NA,MODIS,0.7386652936009565
ASD,Tussock,T1,3,NA,toolik_area_match00002.asd,NA,RapidSCAN,0.7391158478371956
ASD,Tussock,T1,3,NA,toolik_area_match00002.asd,NA,ToolikEDC,0.7262407204813666
ASD,Tussock,T1,4,NA,toolik_area_match00003.asd,NA,Greenseeker,0.6988737807826277
ASD,Tussock,T1,4,NA,toolik_area_match00003.asd,NA,MODIS,0.7219676072054549
ASD,Tussock,T1,4,NA,toolik_area_match00003.asd,NA,RapidSCAN,0.7153060409331289
ASD,Tussock,T1,4,NA,toolik_area_match00003.asd,NA,ToolikEDC,0.7089129812441733
ASD,Tussock,T1,5,NA,toolik_area_match00004.asd,NA,Greenseeker,0.6977239981056137
ASD,Tussock,T1,5,NA,toolik_area_match00004.asd,NA,MODIS,0.7210132634202521
ASD,Tussock,T1,5,NA,toolik_area_match00004.asd,NA,RapidSCAN,0.7153990016625037
ASD,Tussock,T1,5,NA,toolik_area_match00004.asd,NA,ToolikEDC,0.707916485290047
ASD,Tussock,T2,1,NA,toolik_b2C00024.asd,NA,Greenseeker,0.7291795544599986
ASD,Tussock,T2,1,NA,toolik_b2C00024.asd,NA,MODIS,0.748072852063103
ASD,Tussock,T2,1,NA,toolik_b2C00024.asd,NA,RapidSCAN,0.7495066614876397
ASD,Tussock,T2,1,NA,toolik_b2C00024.asd,NA,ToolikEDC,0.7323698100729821
ASD,Tussock,T2,2,NA,toolik_b2C00025.asd,NA,Greenseeker,0.7374144307155834
ASD,Tussock,T2,2,NA,toolik_b2C00025.asd,NA,MODIS,0.7542524163754097
ASD,Tussock,T2,2,NA,toolik_b2C00025.asd,NA,RapidSCAN,0.7572873582835145
ASD,Tussock,T2,2,NA,toolik_b2C00025.asd,NA,ToolikEDC,0.7374343906315718
ASD,Tussock,T2,3,NA,toolik_b2C00026.asd,NA,Greenseeker,0.734271970728845
ASD,Tussock,T2,3,NA,toolik_b2C00026.asd,NA,MODIS,0.7509316558917734
ASD,Tussock,T2,3,NA,toolik_b2C00026.asd,NA,RapidSCAN,0.7538876367928398
ASD,Tussock,T2,3,NA,toolik_b2C00026.asd,NA,ToolikEDC,0.7333577979890361
ASD,Tussock,T2,4,NA,toolik_b2C00027.asd,NA,Greenseeker,0.5826422581705794
ASD,Tussock,T2,4,NA,toolik_b2C00027.asd,NA,MODIS,0.6295163434681047
ASD,Tussock,T2,4,NA,toolik_b2C00027.asd,NA,RapidSCAN,0.605812524451148
ASD,Tussock,T2,4,NA,toolik_b2C00027.asd,NA,ToolikEDC,0.6286183530142907
ASD,Tussock,T2,5,NA,toolik_b2C00028.asd,NA,Greenseeker,0.5958988656316772
ASD,Tussock,T2,5,NA,toolik_b2C00028.asd,NA,MODIS,0.6377776104577831
ASD,Tussock,T2,5,NA,toolik_b2C00028.asd,NA,RapidSCAN,0.6178714152763364
ASD,Tussock,T2,5,NA,toolik_b2C00028.asd,NA,ToolikEDC,0.6346016680018968
ASD,Tussock,T3,1,NA,toolik_b2C00029.asd,NA,Greenseeker,0.6069163001110576
ASD,Tussock,T3,1,NA,toolik_b2C00029.asd,NA,MODIS,0.6459058632904343
ASD,Tussock,T3,1,NA,toolik_b2C00029.asd,NA,RapidSCAN,0.6283207714875058
ASD,Tussock,T3,1,NA,toolik_b2C00029.asd,NA,ToolikEDC,0.6405075921329383
ASD,Tussock,T3,2,NA,toolik_b2C00030.asd,NA,Greenseeker,0.6235193857422066
ASD,Tussock,T3,2,NA,toolik_b2C00030.asd,NA,MODIS,0.6632759613679854
ASD,Tussock,T3,2,NA,toolik_b2C00030.asd,NA,RapidSCAN,0.6409215656889127
ASD,Tussock,T3,2,NA,toolik_b2C00030.asd,NA,ToolikEDC,0.6564900072395168
ASD,Tussock,T3,3,NA,toolik_b2C00031.asd,NA,Greenseeker,0.6286456829745422
ASD,Tussock,T3,3,NA,toolik_b2C00031.asd,NA,MODIS,0.6678300881728556
ASD,Tussock,T3,3,NA,toolik_b2C00031.asd,NA,RapidSCAN,0.6470170935870402
ASD,Tussock,T3,3,NA,toolik_b2C00031.asd,NA,ToolikEDC,0.6609640147607221
ASD,Tussock,T3,4,NA,toolik_b2C00032.asd,NA,Greenseeker,0.641686240216969
ASD,Tussock,T3,4,NA,toolik_b2C00032.asd,NA,MODIS,0.6775136165069128
ASD,Tussock,T3,4,NA,toolik_b2C00032.asd,NA,RapidSCAN,0.6594972964642002
ASD,Tussock,T3,4,NA,toolik_b2C00032.asd,NA,ToolikEDC,0.6695898979751407
ASD,Tussock,T3,5,NA,toolik_b2C00033.asd,NA,Greenseeker,0.7159752287240375
ASD,Tussock,T3,5,NA,toolik_b2C00033.asd,NA,MODIS,0.7312034735827453
ASD,Tussock,T3,5,NA,toolik_b2C00033.asd,NA,RapidSCAN,0.7328225579186622
ASD,Tussock,T3,5,NA,toolik_b2C00033.asd,NA,ToolikEDC,0.7112124384127173
ASD,Shrub,S1,1,NA,toolik_b2F1000000,.asd,Greenseeker,0.8197891975637992
ASD,Shrub,S1,1,NA,toolik_b2F1000000,.asd,MODIS,0.8179377286994414
ASD,Shrub,S1,1,NA,toolik_b2F1000000,.asd,RapidSCAN,0.8452899953774671
ASD,Shrub,S1,1,NA,toolik_b2F1000000,.asd,ToolikEDC,0.791520818773866
ASD,Shrub,S1,2,NA,toolik_b2F1000001.asd,NA,Greenseeker,0.8033218954811763
ASD,Shrub,S1,2,NA,toolik_b2F1000001.asd,NA,MODIS,0.8021986778284845
ASD,Shrub,S1,2,NA,toolik_b2F1000001.asd,NA,RapidSCAN,0.8286385165921827
ASD,Shrub,S1,2,NA,toolik_b2F1000001.asd,NA,ToolikEDC,0.776410909290452
ASD,Shrub,S1,3,NA,toolik_b2F1000002.asd,NA,Greenseeker,0.7991998853380854
ASD,Shrub,S1,3,NA,toolik_b2F1000002.asd,NA,MODIS,0.7987751912317839
ASD,Shrub,S1,3,NA,toolik_b2F1000002.asd,NA,RapidSCAN,0.8245372856309745
ASD,Shrub,S1,3,NA,toolik_b2F1000002.asd,NA,ToolikEDC,0.7729222681662645
ASD,Shrub,S1,4,NA,toolik_b2F1000003.asd,NA,Greenseeker,0.7979692943647773
ASD,Shrub,S1,4,NA,toolik_b2F1000003.asd,NA,MODIS,0.7965232398911386
ASD,Shrub,S1,4,NA,toolik_b2F1000003.asd,NA,RapidSCAN,0.8311603508662683
ASD,Shrub,S1,4,NA,toolik_b2F1000003.asd,NA,ToolikEDC,0.7598572906415635
ASD,Shrub,S1,5,NA,toolik_b2F1000004.asd,NA,Greenseeker,0.7978893137429078
ASD,Shrub,S1,5,NA,toolik_b2F1000004.asd,NA,MODIS,0.7953825642143065
ASD,Shrub,S1,5,NA,toolik_b2F1000004.asd,NA,RapidSCAN,0.8338621937738858
ASD,Shrub,S1,5,NA,toolik_b2F1000004.asd,NA,ToolikEDC,0.7566527592037797
ASD,Shrub,S2,1,NA,toolik_b2F1000005.asd,NA,Greenseeker,0.8025655915610074
ASD,Shrub,S2,1,NA,toolik_b2F1000005.asd,NA,MODIS,0.7995683634733032
ASD,Shrub,S2,1,NA,toolik_b2F1000005.asd,NA,RapidSCAN,0.8380641781695687
ASD,Shrub,S2,1,NA,toolik_b2F1000005.asd,NA,ToolikEDC,0.7604278115439396
ASD,Shrub,S2,2,NA,toolik_b2F1000006.asd,NA,Greenseeker,0.6909393394272774
ASD,Shrub,S2,2,NA,toolik_b2F1000006.asd,NA,MODIS,0.7101954816027239
ASD,Shrub,S2,2,NA,toolik_b2F1000006.asd,NA,RapidSCAN,0.7167885782544283
ASD,Shrub,S2,2,NA,toolik_b2F1000006.asd,NA,ToolikEDC,0.6922652958702661
ASD,Shrub,S2,3,NA,toolik_b2F1000007.asd,NA,Greenseeker,0.6833261228118523
ASD,Shrub,S2,3,NA,toolik_b2F1000007.asd,NA,MODIS,0.701937565186445
ASD,Shrub,S2,3,NA,toolik_b2F1000007.asd,NA,RapidSCAN,0.7091897806488525
ASD,Shrub,S2,3,NA,toolik_b2F1000007.asd,NA,ToolikEDC,0.6838985086231439
ASD,Shrub,S2,4,NA,toolik_b2F1000008.asd,NA,Greenseeker,0.6911520394798191
ASD,Shrub,S2,4,NA,toolik_b2F1000008.asd,NA,MODIS,0.7092165891974419
ASD,Shrub,S2,4,NA,toolik_b2F1000008.asd,NA,RapidSCAN,0.7174704135094646
ASD,Shrub,S2,4,NA,toolik_b2F1000008.asd,NA,ToolikEDC,0.6905795396623956
ASD,Shrub,S2,5,NA,toolik_b2F1000009.asd,NA,Greenseeker,0.6925100804256995
ASD,Shrub,S2,5,NA,toolik_b2F1000009.asd,NA,MODIS,0.7093805442403253
ASD,Shrub,S2,5,NA,toolik_b2F1000009.asd,NA,RapidSCAN,0.718033872857155
ASD,Shrub,S2,5,NA,toolik_b2F1000009.asd,NA,ToolikEDC,0.6951796905916768
ASD,Shrub,S3,1,NA,toolik_b2F1000010.asd,NA,Greenseeker,0.7039256036311262
ASD,Shrub,S3,1,NA,toolik_b2F1000010.asd,NA,MODIS,0.7181099363059207
ASD,Shrub,S3,1,NA,toolik_b2F1000010.asd,NA,RapidSCAN,0.7309084163926469
ASD,Shrub,S3,1,NA,toolik_b2F1000010.asd,NA,ToolikEDC,0.7018846170676324
ASD,Shrub,S3,2,NA,toolik_b2F1000011.asd,NA,Greenseeker,0.7008237689088853
ASD,Shrub,S3,2,NA,toolik_b2F1000011.asd,NA,MODIS,0.7161782001295849
ASD,Shrub,S3,2,NA,toolik_b2F1000011.asd,NA,RapidSCAN,0.7268671566150349
ASD,Shrub,S3,2,NA,toolik_b2F1000011.asd,NA,ToolikEDC,0.7001073255044186
ASD,Shrub,S3,3,NA,toolik_b2F1000012.asd,NA,Greenseeker,0.8415203749318384
ASD,Shrub,S3,3,NA,toolik_b2F1000012.asd,NA,MODIS,0.8375820255963985
ASD,Shrub,S3,3,NA,toolik_b2F1000012.asd,NA,RapidSCAN,0.8656507398929661
ASD,Shrub,S3,3,NA,toolik_b2F1000012.asd,NA,ToolikEDC,0.8062020036566012
ASD,Shrub,S3,4,NA,toolik_b2F1000013.asd,NA,Greenseeker,0.8419237716176694
ASD,Shrub,S3,4,NA,toolik_b2F1000013.asd,NA,MODIS,0.8375228572453711
ASD,Shrub,S3,4,NA,toolik_b2F1000013.asd,NA,RapidSCAN,0.8656517342265371
ASD,Shrub,S3,4,NA,toolik_b2F1000013.asd,NA,ToolikEDC,0.8049714797849815
ASD,Shrub,S3,5,NA,toolik_b2F1000014.asd,NA,Greenseeker,0.8398507200749133
ASD,Shrub,S3,5,NA,toolik_b2F1000014.asd,NA,MODIS,0.8359980814765308
ASD,Shrub,S3,5,NA,toolik_b2F1000014.asd,NA,RapidSCAN,0.864328499663427
ASD,Shrub,S3,5,NA,toolik_b2F1000014.asd,NA,ToolikEDC,0.8036589564914473
ASD,Heath,H1,1,NA,toolik_heath00000.asd,NA,Greenseeker,0.43756675216934576
ASD,Heath,H1,1,NA,toolik_heath00000.asd,NA,MODIS,0.4872300796013177
ASD,Heath,H1,1,NA,toolik_heath00000.asd,NA,RapidSCAN,0.45396245005234204
ASD,Heath,H1,1,NA,toolik_heath00000.asd,NA,ToolikEDC,0.4935577240010482
ASD,Heath,H1,2,NA,toolik_heath00001.asd,NA,Greenseeker,0.5357330382144979
ASD,Heath,H1,2,NA,toolik_heath00001.asd,NA,MODIS,0.5745234826373901
ASD,Heath,H1,2,NA,toolik_heath00001.asd,NA,RapidSCAN,0.5581535716971848
ASD,Heath,H1,2,NA,toolik_heath00001.asd,NA,ToolikEDC,0.575521818958755
ASD,Heath,H1,3,NA,toolik_heath00002.asd,NA,Greenseeker,0.5611252594747953
ASD,Heath,H1,3,NA,toolik_heath00002.asd,NA,MODIS,0.5965217978549481
ASD,Heath,H1,3,NA,toolik_heath00002.asd,NA,RapidSCAN,0.5875684011371509
ASD,Heath,H1,3,NA,toolik_heath00002.asd,NA,ToolikEDC,0.5973587754261953
ASD,Heath,H1,4,NA,toolik_heath00003.asd,NA,Greenseeker,0.46358765256715967
ASD,Heath,H1,4,NA,toolik_heath00003.asd,NA,MODIS,0.5082191505443173
ASD,Heath,H1,4,NA,toolik_heath00003.asd,NA,RapidSCAN,0.4871273443162132
ASD,Heath,H1,4,NA,toolik_heath00003.asd,NA,ToolikEDC,0.5127740244335985
ASD,Heath,H1,5,NA,toolik_heath00004.asd,NA,Greenseeker,0.5805510963099896
ASD,Heath,H1,5,NA,toolik_heath00004.asd,NA,MODIS,0.6122489889933017
ASD,Heath,H1,5,NA,toolik_heath00004.asd,NA,RapidSCAN,0.6086207050126575
ASD,Heath,H1,5,NA,toolik_heath00004.asd,NA,ToolikEDC,0.6095403295424622
ASD,Heath,H2,1,NA,toolik_heath00005.asd,NA,Greenseeker,0.6730855857161725
ASD,Heath,H2,1,NA,toolik_heath00005.asd,NA,MODIS,0.7040781806005908
ASD,Heath,H2,1,NA,toolik_heath00005.asd,NA,RapidSCAN,0.6900220932330419
ASD,Heath,H2,1,NA,toolik_heath00005.asd,NA,ToolikEDC,0.6952311184209358
ASD,Heath,H2,2,NA,toolik_heath00006.asd,NA,Greenseeker,0.6479885701484116
ASD,Heath,H2,2,NA,toolik_heath00006.asd,NA,MODIS,0.676555716099906
ASD,Heath,H2,2,NA,toolik_heath00006.asd,NA,RapidSCAN,0.6698661445364417
ASD,Heath,H2,2,NA,toolik_heath00006.asd,NA,ToolikEDC,0.6689932258887494
ASD,Heath,H2,3,NA,toolik_heath00007.asd,NA,Greenseeker,0.6608451591762855
ASD,Heath,H2,3,NA,toolik_heath00007.asd,NA,MODIS,0.6853963241900849
ASD,Heath,H2,3,NA,toolik_heath00007.asd,NA,RapidSCAN,0.6829869568964284
ASD,Heath,H2,3,NA,toolik_heath00007.asd,NA,ToolikEDC,0.6753196124968045
ASD,Heath,H2,4,NA,toolik_heath00008.asd,NA,Greenseeker,0.6948305106535281
ASD,Heath,H2,4,NA,toolik_heath00008.asd,NA,MODIS,0.7176951555625308
ASD,Heath,H2,4,NA,toolik_heath00008.asd,NA,RapidSCAN,0.7126058302056413
ASD,Heath,H2,4,NA,toolik_heath00008.asd,NA,ToolikEDC,0.7052649640094678
ASD,Heath,H2,5,NA,toolik_heath00009.asd,NA,Greenseeker,0.7063345392175588
ASD,Heath,H2,5,NA,toolik_heath00009.asd,NA,MODIS,0.7302308219302864
ASD,Heath,H2,5,NA,toolik_heath00009.asd,NA,RapidSCAN,0.7245490426353411
ASD,Heath,H2,5,NA,toolik_heath00009.asd,NA,ToolikEDC,0.7185073285310453
ASD,Heath,H3,1,NA,toolik_heath00010.asd,NA,Greenseeker,0.5264547556037469
ASD,Heath,H3,1,NA,toolik_heath00010.asd,NA,MODIS,0.5680327874058081
ASD,Heath,H3,1,NA,toolik_heath00010.asd,NA,RapidSCAN,0.5505774603758968
ASD,Heath,H3,1,NA,toolik_heath00010.asd,NA,ToolikEDC,0.5648757098725643
ASD,Heath,H3,2,NA,toolik_heath00011.asd,NA,Greenseeker,0.522995442676237
ASD,Heath,H3,2,NA,toolik_heath00011.asd,NA,MODIS,0.5648559986794084
ASD,Heath,H3,2,NA,toolik_heath00011.asd,NA,RapidSCAN,0.5435480486856734
ASD,Heath,H3,2,NA,toolik_heath00011.asd,NA,ToolikEDC,0.5621704660453715
ASD,Heath,H3,3,NA,toolik_heath00012.asd,NA,Greenseeker,0.588772725995613
ASD,Heath,H3,3,NA,toolik_heath00012.asd,NA,MODIS,0.6220586422081541
ASD,Heath,H3,3,NA,toolik_heath00012.asd,NA,RapidSCAN,0.6085759490319242
ASD,Heath,H3,3,NA,toolik_heath00012.asd,NA,ToolikEDC,0.6151767220623321
ASD,Heath,H3,4,NA,toolik_heath00013.asd,NA,Greenseeker,0.5608706033042425
ASD,Heath,H3,4,NA,toolik_heath00013.asd,NA,MODIS,0.5970931515863913
ASD,Heath,H3,4,NA,toolik_heath00013.asd,NA,RapidSCAN,0.5816964842260121
ASD,Heath,H3,4,NA,toolik_heath00013.asd,NA,ToolikEDC,0.5914396454118864
ASD,Heath,H3,5,NA,toolik_heath00014.asd,NA,Greenseeker,0.5298152506939701
ASD,Heath,H3,5,NA,toolik_heath00014.asd,NA,MODIS,0.5708647941580045
ASD,Heath,H3,5,NA,toolik_heath00014.asd,NA,RapidSCAN,0.5532869817845573
ASD,Heath,H3,5,NA,toolik_heath00014.asd,NA,ToolikEDC,0.5675887661834946
RapidSCAN,Tussock,T1,1,NA,NA,NA,RapidSCAN,0.6536
RapidSCAN,Tussock,T1,2,NA,NA,NA,RapidSCAN,0.7667
RapidSCAN,Tussock,T1,3,NA,NA,NA,RapidSCAN,0.7342
RapidSCAN,Tussock,T1,5,NA,NA,NA,RapidSCAN,0.7743
RapidSCAN,Tussock,T1,6,NA,NA,NA,RapidSCAN,0.7619
RapidSCAN,Tussock,T1,7,NA,NA,NA,RapidSCAN,0.7824
RapidSCAN,Tussock,T1,8,NA,NA,NA,RapidSCAN,0.7551
Greenseeker,Tussock,T1,1,NA,NA,NA,Greenseeker,0.63
Greenseeker,Tussock,T1,2,NA,NA,NA,Greenseeker,0.64
Greenseeker,Tussock,T1,3,NA,NA,NA,Greenseeker,0.66
Greenseeker,Tussock,T1,4,NA,NA,NA,Greenseeker,0.64
Greenseeker,Tussock,T1,5,NA,NA,NA,Greenseeker,0.63
Greenseeker,Tussock,T1,6,NA,NA,NA,Greenseeker,0.65
Greenseeker,Tussock,T1,7,NA,NA,NA,Greenseeker,0.64
Greenseeker,Tussock,T1,8,NA,NA,NA,Greenseeker,0.66
RapidSCAN,Tussock,T2,1,NA,NA,NA,RapidSCAN,0.5564
RapidSCAN,Tussock,T2,2,NA,NA,NA,RapidSCAN,0.6218
RapidSCAN,Tussock,T2,3,NA,NA,NA,RapidSCAN,0.6916
RapidSCAN,Tussock,T2,5,NA,NA,NA,RapidSCAN,0.6468
RapidSCAN,Tussock,T2,6,NA,NA,NA,RapidSCAN,0.6934
RapidSCAN,Tussock,T2,7,NA,NA,NA,RapidSCAN,0.7336
RapidSCAN,Tussock,T2,8,NA,NA,NA,RapidSCAN,0.7066
Greenseeker,Tussock,T2,1,NA,NA,NA,Greenseeker,0.55
Greenseeker,Tussock,T2,2,NA,NA,NA,Greenseeker,0.58
Greenseeker,Tussock,T2,3,NA,NA,NA,Greenseeker,0.63
Greenseeker,Tussock,T2,4,NA,NA,NA,Greenseeker,0.53
Greenseeker,Tussock,T2,5,NA,NA,NA,Greenseeker,0.51
Greenseeker,Tussock,T2,6,NA,NA,NA,Greenseeker,0.49
Greenseeker,Tussock,T2,7,NA,NA,NA,Greenseeker,0.55
Greenseeker,Tussock,T2,8,NA,NA,NA,Greenseeker,0.56
RapidSCAN,Tussock,T3,1,NA,NA,NA,RapidSCAN,0.6142
RapidSCAN,Tussock,T3,2,NA,NA,NA,RapidSCAN,0.5924
RapidSCAN,Tussock,T3,3,NA,NA,NA,RapidSCAN,0.5682
RapidSCAN,Tussock,T3,5,NA,NA,NA,RapidSCAN,0.5401
RapidSCAN,Tussock,T3,6,NA,NA,NA,RapidSCAN,0.6345
RapidSCAN,Tussock,T3,7,NA,NA,NA,RapidSCAN,0.6426
RapidSCAN,Tussock,T3,8,NA,NA,NA,RapidSCAN,0.5463
Greenseeker,Tussock,T3,1,NA,NA,NA,Greenseeker,0.55
Greenseeker,Tussock,T3,2,NA,NA,NA,Greenseeker,0.58
Greenseeker,Tussock,T3,3,NA,NA,NA,Greenseeker,0.59
Greenseeker,Tussock,T3,4,NA,NA,NA,Greenseeker,0.56
Greenseeker,Tussock,T3,5,NA,NA,NA,Greenseeker,0.53
Greenseeker,Tussock,T3,6,NA,NA,NA,Greenseeker,0.56
Greenseeker,Tussock,T3,7,NA,NA,NA,Greenseeker,0.58
Greenseeker,Tussock,T3,8,NA,NA,NA,Greenseeker,0.59
RapidSCAN,Shrub,S1,1,NA,NA,NA,RapidSCAN,0.7562
RapidSCAN,Shrub,S1,2,NA,NA,NA,RapidSCAN,0.725
RapidSCAN,Shrub,S1,3,NA,NA,NA,RapidSCAN,0.7038
RapidSCAN,Shrub,S1,4,NA,NA,NA,RapidSCAN,0.6966
RapidSCAN,Shrub,S1,5,NA,NA,NA,RapidSCAN,0.6996
RapidSCAN,Shrub,S1,6,NA,NA,NA,RapidSCAN,0.6924
RapidSCAN,Shrub,S1,7,NA,NA,NA,RapidSCAN,0.7198
RapidSCAN,Shrub,S1,8,NA,NA,NA,RapidSCAN,0.7395
Greenseeker,Shrub,S1,1,NA,NA,NA,Greenseeker,0.8
Greenseeker,Shrub,S1,2,NA,NA,NA,Greenseeker,0.8
Greenseeker,Shrub,S1,3,NA,NA,NA,Greenseeker,0.79
Greenseeker,Shrub,S1,4,NA,NA,NA,Greenseeker,0.78
Greenseeker,Shrub,S1,5,NA,NA,NA,Greenseeker,0.78
Greenseeker,Shrub,S1,6,NA,NA,NA,Greenseeker,0.77
Greenseeker,Shrub,S1,7,NA,NA,NA,Greenseeker,0.78
Greenseeker,Shrub,S1,8,NA,NA,NA,Greenseeker,0.8
RapidSCAN,Shrub,S2,1,NA,NA,NA,RapidSCAN,0.7632
RapidSCAN,Shrub,S2,2,NA,NA,NA,RapidSCAN,0.7802
RapidSCAN,Shrub,S2,3,NA,NA,NA,RapidSCAN,0.7868
RapidSCAN,Shrub,S2,4,NA,NA,NA,RapidSCAN,0.7287
RapidSCAN,Shrub,S2,5,NA,NA,NA,RapidSCAN,0.6811
RapidSCAN,Shrub,S2,6,NA,NA,NA,RapidSCAN,0.7784
RapidSCAN,Shrub,S2,7,NA,NA,NA,RapidSCAN,0.7269
RapidSCAN,Shrub,S2,8,NA,NA,NA,RapidSCAN,0.669
Greenseeker,Shrub,S2,1,NA,NA,NA,Greenseeker,0.68
Greenseeker,Shrub,S2,2,NA,NA,NA,Greenseeker,0.73
Greenseeker,Shrub,S2,3,NA,NA,NA,Greenseeker,0.69
Greenseeker,Shrub,S2,4,NA,NA,NA,Greenseeker,0.73
Greenseeker,Shrub,S2,5,NA,NA,NA,Greenseeker,0.74
Greenseeker,Shrub,S2,6,NA,NA,NA,Greenseeker,0.77
Greenseeker,Shrub,S2,7,NA,NA,NA,Greenseeker,0.73
Greenseeker,Shrub,S2,8,NA,NA,NA,Greenseeker,0.72
RapidSCAN,Shrub,S3,1,NA,NA,NA,RapidSCAN,0.819
RapidSCAN,Shrub,S3,2,NA,NA,NA,RapidSCAN,0.8096
RapidSCAN,Shrub,S3,3,NA,NA,NA,RapidSCAN,0.8092
RapidSCAN,Shrub,S3,4,NA,NA,NA,RapidSCAN,0.797
RapidSCAN,Shrub,S3,5,NA,NA,NA,RapidSCAN,0.7198
RapidSCAN,Shrub,S3,6,NA,NA,NA,RapidSCAN,0.7915
RapidSCAN,Shrub,S3,7,NA,NA,NA,RapidSCAN,0.7753
RapidSCAN,Shrub,S3,8,NA,NA,NA,RapidSCAN,0.7526
Greenseeker,Shrub,S3,1,NA,NA,NA,Greenseeker,0.67
Greenseeker,Shrub,S3,2,NA,NA,NA,Greenseeker,0.68
Greenseeker,Shrub,S3,3,NA,NA,NA,Greenseeker,0.65
Greenseeker,Shrub,S3,4,NA,NA,NA,Greenseeker,0.66
Greenseeker,Shrub,S3,5,NA,NA,NA,Greenseeker,0.64
Greenseeker,Shrub,S3,6,NA,NA,NA,Greenseeker,0.66
Greenseeker,Shrub,S3,7,NA,NA,NA,Greenseeker,0.69
Greenseeker,Shrub,S3,8,NA,NA,NA,Greenseeker,0.66
RapidSCAN,Heath,H1,1,NA,NA,NA,RapidSCAN,0.5241
RapidSCAN,Heath,H1,2,NA,NA,NA,RapidSCAN,0.5526
RapidSCAN,Heath,H1,3,NA,NA,NA,RapidSCAN,0.5001
RapidSCAN,Heath,H1,4,NA,NA,NA,RapidSCAN,0.5295
RapidSCAN,Heath,H1,5,NA,NA,NA,RapidSCAN,0.5706
RapidSCAN,Heath,H1,6,NA,NA,NA,RapidSCAN,0.4596
RapidSCAN,Heath,H1,7,NA,NA,NA,RapidSCAN,0.5184
RapidSCAN,Heath,H1,8,NA,NA,NA,RapidSCAN,0.5539
Greenseeker,Heath,H1,1,NA,NA,NA,Greenseeker,0.46
Greenseeker,Heath,H1,2,NA,NA,NA,Greenseeker,0.45
Greenseeker,Heath,H1,3,NA,NA,NA,Greenseeker,0.47
Greenseeker,Heath,H1,4,NA,NA,NA,Greenseeker,0.45
Greenseeker,Heath,H1,5,NA,NA,NA,Greenseeker,0.46
Greenseeker,Heath,H1,6,NA,NA,NA,Greenseeker,0.48
Greenseeker,Heath,H1,7,NA,NA,NA,Greenseeker,0.46
Greenseeker,Heath,H1,8,NA,NA,NA,Greenseeker,0.48
RapidSCAN,Heath,H2,1,NA,NA,NA,RapidSCAN,0.6588
RapidSCAN,Heath,H2,2,NA,NA,NA,RapidSCAN,0.637
RapidSCAN,Heath,H2,3,NA,NA,NA,RapidSCAN,0.6967
RapidSCAN,Heath,H2,4,NA,NA,NA,RapidSCAN,0.6132
RapidSCAN,Heath,H2,5,NA,NA,NA,RapidSCAN,0.6541
RapidSCAN,Heath,H2,6,NA,NA,NA,RapidSCAN,0.6429
RapidSCAN,Heath,H2,7,NA,NA,NA,RapidSCAN,0.6132
RapidSCAN,Heath,H2,8,NA,NA,NA,RapidSCAN,0.6002
Greenseeker,Heath,H2,1,NA,NA,NA,Greenseeker,0.59
Greenseeker,Heath,H2,2,NA,NA,NA,Greenseeker,0.6
Greenseeker,Heath,H2,3,NA,NA,NA,Greenseeker,0.63
Greenseeker,Heath,H2,4,NA,NA,NA,Greenseeker,0.6
Greenseeker,Heath,H2,5,NA,NA,NA,Greenseeker,0.58
Greenseeker,Heath,H2,6,NA,NA,NA,Greenseeker,0.59
Greenseeker,Heath,H2,7,NA,NA,NA,Greenseeker,0.58
Greenseeker,Heath,H2,8,NA,NA,NA,Greenseeker,0.56
RapidSCAN,Heath,H3,1,NA,NA,NA,RapidSCAN,0.5173
RapidSCAN,Heath,H3,2,NA,NA,NA,RapidSCAN,0.4852
RapidSCAN,Heath,H3,3,NA,NA,NA,RapidSCAN,0.5129
RapidSCAN,Heath,H3,4,NA,NA,NA,RapidSCAN,0.4389
RapidSCAN,Heath,H3,5,NA,NA,NA,RapidSCAN,0.4431
RapidSCAN,Heath,H3,6,NA,NA,NA,RapidSCAN,0.5129
RapidSCAN,Heath,H3,7,NA,NA,NA,RapidSCAN,0.4356
RapidSCAN,Heath,H3,8,NA,NA,NA,RapidSCAN,0.4589
Greenseeker,Heath,H3,1,NA,NA,NA,Greenseeker,0.47
Greenseeker,Heath,H3,2,NA,NA,NA,Greenseeker,0.52
Greenseeker,Heath,H3,3,NA,NA,NA,Greenseeker,0.5
Greenseeker,Heath,H3,4,NA,NA,NA,Greenseeker,0.52
Greenseeker,Heath,H3,5,NA,NA,NA,Greenseeker,0.52
Greenseeker,Heath,H3,6,NA,NA,NA,Greenseeker,0.57
Greenseeker,Heath,H3,7,NA,NA,NA,Greenseeker,0.52
Greenseeker,Heath,H3,8,NA,NA,NA,Greenseeker,0.52
